y1,y2,y3,y4,name
5.20893513,3.65087433,1.57606118,0.399659859,Iris-setosa
5.23251324,3.633451602,1.582550051,0.311820856,Iris-setosa
5.28457035,3.693646704,1.526864146,0.394710534,Iris-setosa
5.26949724,3.621420445,1.538272894,0.348307763,Iris-setosa
5.239608271,3.687220353,1.503099391,0.352604661,Iris-setosa
5.229046757,3.66493822,1.583539054,0.349015644,Iris-setosa
5.238466816,3.69202648,1.536026383,0.372007901,Iris-setosa
5.202186089,3.622003277,1.541650346,0.312893305,Iris-setosa
5.233323914,3.616683737,1.501877091,0.398368208,Iris-setosa
5.272908035,3.683213462,1.537282047,0.326923893,Iris-setosa
5.037975035,3.117741415,1.517369619,0.35623991,Iris-setosa
5.0630208,3.159553801,1.586033677,0.313186105,Iris-setosa
5.036757502,3.179726573,1.518810815,0.388858355,Iris-setosa
5.07379027,3.131497683,1.561086388,0.387115324,Iris-setosa
5.03524482,3.187288998,1.504145147,0.379827275,Iris-setosa
5.027383364,3.105155934,1.507665332,0.343143057,Iris-setosa
5.088488676,3.150239392,1.595006999,0.389320743,Iris-setosa
5.07240605,3.189931918,1.531042643,0.39328002,Iris-setosa
5.091112138,3.163082862,1.55455209,0.38631667,Iris-setosa
5.05139726,3.112503592,1.588175818,0.389270309,Iris-setosa
4.899634963,3.319151855,1.476307286,0.391808117,Iris-setosa
4.832162782,3.301461285,1.45563088,0.361767635,Iris-setosa
4.873886976,3.373774949,1.499939859,0.315901241,Iris-setosa
4.880056458,3.397944684,1.448236457,0.312137671,Iris-setosa
4.899708204,3.355188817,1.450321096,0.344104971,Iris-setosa
4.829995914,3.360633213,1.443712371,0.31636913,Iris-setosa
4.807907849,3.37815394,1.478239242,0.349192133,Iris-setosa
4.850048998,3.361249151,1.499514623,0.384545172,Iris-setosa
4.893604587,3.300579553,1.452633431,0.328020597,Iris-setosa
4.812679792,3.35394047,1.474144029,0.394092888,Iris-setosa
4.741291537,3.265171343,1.624381835,0.368847596,Iris-setosa
4.73806805,3.262621318,1.60159372,0.333661713,Iris-setosa
4.778924521,3.235263601,1.636103664,0.348577482,Iris-setosa
4.720950039,3.257827968,1.660005328,0.388690992,Iris-setosa
4.791684496,3.286410554,1.608735373,0.36582811,Iris-setosa
4.746823879,3.217719658,1.668945568,0.339102703,Iris-setosa
4.787663025,3.224860925,1.664152674,0.340356544,Iris-setosa
4.764194322,3.287146163,1.633812587,0.343901289,Iris-setosa
4.778407007,3.298903926,1.605318898,0.349840616,Iris-setosa
4.71449831,3.2646375,1.61536142,0.301294294,Iris-setosa
5.148428055,3.711522057,1.563341019,0.331491284,Iris-setosa
5.14111578,3.782888434,1.507560779,0.32271478,Iris-setosa
5.106585207,3.740724158,1.537040836,0.389994542,Iris-setosa
5.113432807,3.706723607,1.561851466,0.317732143,Iris-setosa
5.189430713,3.707269491,1.521126132,0.354122266,Iris-setosa
5.182029399,3.799627181,1.534062679,0.306631018,Iris-setosa
5.124008622,3.719408309,1.594074327,0.393605395,Iris-setosa
5.161669902,3.708856888,1.576275581,0.347289284,Iris-setosa
5.106569419,3.749805561,1.55071569,0.304423876,Iris-setosa
5.186794871,3.718721348,1.555662307,0.306665335,Iris-setosa
5.541480354,4.020672764,1.87867557,0.56590268,Iris-setosa
5.517756581,4.011527746,1.835044643,0.530542117,Iris-setosa
5.529727467,4.041077126,1.801917033,0.535457855,Iris-setosa
5.539618697,4.050994168,1.811254326,0.577575715,Iris-setosa
5.539303302,4.027524056,1.850938574,0.577589938,Iris-setosa
5.517719177,4.093994478,1.893542178,0.517780923,Iris-setosa
5.588664451,4.068607297,1.810048021,0.580144698,Iris-setosa
5.584718698,4.039289768,1.824161287,0.531514646,Iris-setosa
5.519944168,4.070938698,1.811188866,0.522555556,Iris-setosa
5.591691342,4.043641072,1.856402078,0.547875046,Iris-setosa
4.761281746,3.508261545,1.543783833,0.424297252,Iris-setosa
4.777427041,3.590114152,1.591929415,0.482016862,Iris-setosa
4.746966018,3.515719706,1.588552982,0.415830476,Iris-setosa
4.707553386,3.501834886,1.549085345,0.41880656,Iris-setosa
4.727389873,3.535061973,1.560689418,0.436813855,Iris-setosa
4.779304325,3.578741112,1.527268571,0.403453296,Iris-setosa
4.794742253,3.529534373,1.524798341,0.473446891,Iris-setosa
4.775941149,3.500747177,1.578713375,0.438485926,Iris-setosa
4.721751157,3.535520304,1.522343591,0.475799779,Iris-setosa
4.727022758,3.503202904,1.573783635,0.445236232,Iris-setosa
5.184650914,3.544015526,1.686807517,0.309187383,Iris-setosa
5.195767476,3.50169185,1.671271781,0.315901579,Iris-setosa
5.194991452,3.576959886,1.667938592,0.335217901,Iris-setosa
5.199141647,3.543130043,1.682845376,0.373962528,Iris-setosa
5.177617074,3.563195553,1.603593758,0.3670844,Iris-setosa
5.117871922,3.519196882,1.602101697,0.393486923,Iris-setosa
5.148610952,3.521137446,1.61660509,0.360367056,Iris-setosa
5.126887406,3.595355368,1.698408068,0.315867017,Iris-setosa
5.147591491,3.587158086,1.657410716,0.371770001,Iris-setosa
5.124288122,3.529374553,1.6240032,0.385750562,Iris-setosa
4.519734217,3.044287145,1.520928134,0.357785968,Iris-setosa
4.510782507,3.05991293,1.54219997,0.364500318,Iris-setosa
4.557213053,3.038354072,1.561994909,0.389350649,Iris-setosa
4.587787084,3.094869476,1.532341208,0.325469049,Iris-setosa
4.537508906,3.07807256,1.525678781,0.367260718,Iris-setosa
4.512489884,3.057253148,1.564191701,0.344768632,Iris-setosa
4.575485806,3.06036548,1.560837181,0.325220732,Iris-setosa
4.578422557,3.012539556,1.573818918,0.362741724,Iris-setosa
4.528225419,3.06182595,1.582605329,0.303419024,Iris-setosa
4.552549703,3.090174243,1.545820671,0.338940848,Iris-setosa
5.027232219,3.249609174,1.613241931,0.266551881,Iris-setosa
5.042548254,3.231110501,1.639423792,0.212947363,Iris-setosa
5.03464597,3.245111725,1.663212702,0.287478119,Iris-setosa
5.032541515,3.263992087,1.647084398,0.219069052,Iris-setosa
5.097181729,3.247222669,1.686320059,0.29784531,Iris-setosa
5.053882357,3.200048897,1.639922351,0.276966134,Iris-setosa
5.088932833,3.287460383,1.672065544,0.281371369,Iris-setosa
5.094013681,3.211347351,1.626008035,0.213460602,Iris-setosa
5.024544356,3.274637689,1.639869277,0.214309697,Iris-setosa
5.092679536,3.224614057,1.635755585,0.264906616,Iris-setosa
5.504107286,3.860313932,1.622674677,0.355287102,Iris-setosa
5.518913789,3.869040248,1.68407823,0.347333384,Iris-setosa
5.563010408,3.837718651,1.642314759,0.319128512,Iris-setosa
5.585012118,3.809587478,1.638647664,0.325489286,Iris-setosa
5.521769294,3.874286746,1.693524053,0.361010266,Iris-setosa
5.561850588,3.805832245,1.617928708,0.392089655,Iris-setosa
5.532198566,3.823616348,1.614208838,0.36689011,Iris-setosa
5.567573515,3.89644558,1.635133802,0.35635785,Iris-setosa
5.568468016,3.830376527,1.635580172,0.3447879,Iris-setosa
5.552792698,3.810485145,1.616465165,0.382229445,Iris-setosa
4.9353079,3.566973971,1.772663792,0.333579393,Iris-setosa
4.988552131,3.561011528,1.713241452,0.374850117,Iris-setosa
4.974492559,3.541165279,1.743850748,0.340411296,Iris-setosa
4.988514455,3.558603168,1.783658297,0.330062544,Iris-setosa
4.955500318,3.573293547,1.7607946,0.328678106,Iris-setosa
4.985708717,3.563045576,1.707278341,0.342820639,Iris-setosa
4.961278962,3.522425416,1.713653386,0.309943971,Iris-setosa
4.930549716,3.598458701,1.737885947,0.305731186,Iris-setosa
4.995442287,3.518122541,1.748403833,0.302725116,Iris-setosa
4.968509753,3.535013479,1.761774399,0.33803574,Iris-setosa
4.984088466,3.131887328,1.518120065,0.206660638,Iris-setosa
4.991162666,3.100814144,1.555341211,0.29488328,Iris-setosa
4.973241317,3.184700355,1.560763492,0.238625356,Iris-setosa
4.902029524,3.113435334,1.569508811,0.296061868,Iris-setosa
4.913990107,3.166756597,1.540158575,0.201106029,Iris-setosa
4.969630486,3.134867911,1.594503097,0.278533519,Iris-setosa
4.922030039,3.185875483,1.546743726,0.248477288,Iris-setosa
4.945700302,3.160900499,1.563494119,0.202696316,Iris-setosa
4.940169277,3.176755463,1.565817035,0.294088719,Iris-setosa
4.975250797,3.156705941,1.59481112,0.29420432,Iris-setosa
4.481150522,3.154421169,1.22371088,0.262833465,Iris-setosa
4.431055886,3.118464653,1.209780108,0.25202803,Iris-setosa
4.400730715,3.123259034,1.238393656,0.205385049,Iris-setosa
4.472207699,3.110591328,1.233755854,0.240768287,Iris-setosa
4.491533098,3.18744418,1.229121168,0.29542193,Iris-setosa
4.445036096,3.189435683,1.211894872,0.294792204,Iris-setosa
4.497780953,3.144445304,1.276496023,0.246222255,Iris-setosa
4.462420499,3.107728431,1.251628372,0.268668099,Iris-setosa
4.483144886,3.122060357,1.270309613,0.277819739,Iris-setosa
4.445309314,3.144121145,1.294421888,0.231120002,Iris-setosa
5.927393012,4.167207788,1.32899366,0.359296726,Iris-setosa
5.908092676,4.133754973,1.399696426,0.351731405,Iris-setosa
5.90371215,4.146884402,1.304001046,0.341779123,Iris-setosa
5.993592458,4.118536987,1.364287833,0.392179819,Iris-setosa
5.951231714,4.158972278,1.328172784,0.319567714,Iris-setosa
5.909333705,4.169643259,1.323786834,0.372659394,Iris-setosa
5.937374862,4.185184113,1.365875288,0.320516914,Iris-setosa
5.921763838,4.126441923,1.34005156,0.353239161,Iris-setosa
5.991638382,4.12963986,1.308149033,0.316174193,Iris-setosa
5.962166477,4.186730644,1.326002196,0.39140175,Iris-setosa
5.851431311,4.536877393,1.609914387,0.593068347,Iris-setosa
5.87174154,4.556740503,1.624440136,0.573445255,Iris-setosa
5.804927462,4.594608378,1.651760841,0.525059656,Iris-setosa
5.875609394,4.589613711,1.683241076,0.531772529,Iris-setosa
5.823804914,4.538800763,1.678375164,0.587339542,Iris-setosa
5.844580077,4.539309581,1.672634303,0.535174078,Iris-setosa
5.89318067,4.536491863,1.64864319,0.580421158,Iris-setosa
5.886037265,4.57463098,1.664047667,0.542957704,Iris-setosa
5.848713326,4.584773455,1.693851171,0.526880434,Iris-setosa
5.893039263,4.511832835,1.623123496,0.563977331,Iris-setosa
5.58698077,4.012594088,1.475307692,0.530230207,Iris-setosa
5.522985509,4.017188406,1.478699889,0.511446368,Iris-setosa
5.589162251,4.046474149,1.460464729,0.584230758,Iris-setosa
5.545012177,4.027849295,1.407852222,0.50555012,Iris-setosa
5.597658525,4.046453506,1.427246017,0.570622997,Iris-setosa
5.515038662,4.086228801,1.40970659,0.538209985,Iris-setosa
5.580679625,4.021832743,1.459411188,0.510772548,Iris-setosa
5.51077839,4.011637258,1.451975685,0.553880003,Iris-setosa
5.52734533,4.00372017,1.435850776,0.595296007,Iris-setosa
5.540680848,4.042186618,1.472421566,0.534475619,Iris-setosa
5.226676881,3.648227836,1.506035078,0.406886241,Iris-setosa
5.289098867,3.63803447,1.586455227,0.418686332,Iris-setosa
5.221751552,3.672812153,1.556873381,0.494574514,Iris-setosa
5.295327347,3.621467817,1.570095256,0.492647111,Iris-setosa
5.243534415,3.672916798,1.529698855,0.470453592,Iris-setosa
5.281935764,3.638304618,1.553173074,0.417427104,Iris-setosa
5.267116664,3.622094224,1.565664289,0.433310354,Iris-setosa
5.256755641,3.694378313,1.569542693,0.400546827,Iris-setosa
5.231842545,3.60005133,1.596557901,0.414950841,Iris-setosa
5.278633358,3.656612313,1.525738512,0.466246521,Iris-setosa
5.822011258,3.9252906,1.864480027,0.466120469,Iris-setosa
5.813520559,3.918137012,1.897947709,0.495117256,Iris-setosa
5.892444752,3.942508502,1.836081214,0.494070426,Iris-setosa
5.828979812,3.965735148,1.857639111,0.479294878,Iris-setosa
5.819801817,3.989965256,1.808596789,0.480597733,Iris-setosa
5.863614916,3.917358251,1.866930156,0.497429242,Iris-setosa
5.824715047,3.928561629,1.832760956,0.478729773,Iris-setosa
5.824183644,3.920175501,1.848447044,0.405587374,Iris-setosa
5.868607714,3.951890869,1.849990937,0.483907646,Iris-setosa
5.80038953,3.968436954,1.850980995,0.451889225,Iris-setosa
5.291489476,3.904373658,1.691077458,0.422961822,Iris-setosa
5.206536339,3.936412166,1.629166138,0.484580258,Iris-setosa
5.265482978,3.979836024,1.643884492,0.415675521,Iris-setosa
5.226439273,3.907059654,1.622063821,0.40111066,Iris-setosa
5.297920188,3.987851355,1.642469467,0.403163624,Iris-setosa
5.255865781,3.975112606,1.65911126,0.453596775,Iris-setosa
5.234067729,3.992379483,1.610226589,0.44211218,Iris-setosa
5.276065724,3.959189482,1.654701969,0.417789402,Iris-setosa
5.216229702,3.960540133,1.631865681,0.494064908,Iris-setosa
5.2878216,3.918867961,1.666269362,0.440360964,Iris-setosa
5.519015048,3.501581,1.898971355,0.337711966,Iris-setosa
5.519359012,3.559185694,1.811630637,0.356713972,Iris-setosa
5.541331531,3.549643462,1.865057938,0.330720652,Iris-setosa
5.573874726,3.576408594,1.870337901,0.306520273,Iris-setosa
5.569634103,3.594686191,1.877470169,0.315139756,Iris-setosa
5.506186796,3.57838001,1.81768486,0.320268092,Iris-setosa
5.573433016,3.584310958,1.883248469,0.37192876,Iris-setosa
5.512304867,3.581201444,1.881493022,0.339029639,Iris-setosa
5.544067852,3.511950744,1.887260252,0.302488195,Iris-setosa
5.54030894,3.554777529,1.871065362,0.30327313,Iris-setosa
5.26131535,3.809480621,1.605525512,0.514789304,Iris-setosa
5.263628039,3.862389888,1.659967653,0.550899602,Iris-setosa
5.202382244,3.855167894,1.613720085,0.554075123,Iris-setosa
5.261132486,3.859285238,1.646655925,0.571338765,Iris-setosa
5.249154716,3.808230012,1.666964702,0.577328564,Iris-setosa
5.266111178,3.873186799,1.637431525,0.573595941,Iris-setosa
5.213176084,3.810565182,1.64992068,0.509870091,Iris-setosa
5.230898531,3.85194868,1.608931488,0.592299459,Iris-setosa
5.218193166,3.860903344,1.63460285,0.539130592,Iris-setosa
5.258633583,3.891628665,1.666956908,0.51109719,Iris-setosa
4.798921867,3.747477506,1.134895729,0.391712342,Iris-setosa
4.776384822,3.788997116,1.15016346,0.345759174,Iris-setosa
4.789905969,3.723150997,1.176243183,0.363414899,Iris-setosa
4.735142819,3.712504566,1.106065268,0.384538568,Iris-setosa
4.768382724,3.735811891,1.126401851,0.386992794,Iris-setosa
4.746137423,3.769213375,1.1660918,0.305531625,Iris-setosa
4.735224369,3.786147959,1.160211638,0.355336768,Iris-setosa
4.712242507,3.715939424,1.107063555,0.304236339,Iris-setosa
4.71065409,3.788083322,1.114566047,0.361929649,Iris-setosa
4.741186822,3.787827995,1.157630619,0.344487824,Iris-setosa
5.254858984,3.42528133,1.831510279,0.693036476,Iris-setosa
5.277789927,3.495701707,1.82774799,0.685700683,Iris-setosa
5.255727479,3.415024397,1.898925761,0.676621146,Iris-setosa
5.278449734,3.434015229,1.822811448,0.693266806,Iris-setosa
5.209263256,3.457195053,1.848535651,0.670605082,Iris-setosa
5.278446906,3.49955597,1.888641503,0.659694648,Iris-setosa
5.246937696,3.419329747,1.860865378,0.616306022,Iris-setosa
5.211233294,3.419400204,1.887206284,0.690032444,Iris-setosa
5.296452877,3.450196815,1.887818795,0.631793123,Iris-setosa
5.299078424,3.475801564,1.853337345,0.677479394,Iris-setosa
4.907947413,3.554978428,2.038667491,0.385451119,Iris-setosa
4.927997712,3.593519535,2.05977203,0.347609442,Iris-setosa
4.965223422,3.548870288,2.096945736,0.342744592,Iris-setosa
4.900240729,3.559237508,2.075637239,0.341947351,Iris-setosa
4.981940534,3.552669122,2.081881939,0.397075598,Iris-setosa
4.942907607,3.578922121,2.094133234,0.31006087,Iris-setosa
4.990463208,3.588995274,2.07681213,0.381106632,Iris-setosa
4.962004105,3.512137223,2.063982671,0.355729943,Iris-setosa
4.964531305,3.575598122,2.04501002,0.317767747,Iris-setosa
4.93119174,3.591737479,2.051829,0.334123961,Iris-setosa
5.11819982,3.111261829,1.789115354,0.303812166,Iris-setosa
5.103097099,3.192980278,1.75688912,0.357141686,Iris-setosa
5.1633854,3.127640362,1.762239555,0.341926688,Iris-setosa
5.144552293,3.13959489,1.768735358,0.321739254,Iris-setosa
5.171264714,3.178689714,1.783762017,0.307777468,Iris-setosa
5.179312244,3.116318519,1.745990789,0.330487589,Iris-setosa
5.135577122,3.191243792,1.765422036,0.337935898,Iris-setosa
5.122481925,3.113302261,1.712980517,0.335663954,Iris-setosa
5.165264796,3.141649387,1.799799411,0.396285785,Iris-setosa
5.118163076,3.142646983,1.794332507,0.31567969,Iris-setosa
5.138885435,3.556467909,1.778391491,0.583023728,Iris-setosa
5.154237494,3.518540227,1.757788447,0.535523934,Iris-setosa
5.100753371,3.526713984,1.796230094,0.524027,Iris-setosa
5.154674101,3.524756326,1.798295394,0.545900869,Iris-setosa
5.113706583,3.511590225,1.719179138,0.551793571,Iris-setosa
5.111127076,3.54252579,1.776013498,0.565214138,Iris-setosa
5.197071576,3.569919262,1.70474354,0.531478791,Iris-setosa
5.137790809,3.51304712,1.746394981,0.537638361,Iris-setosa
5.120498491,3.537440907,1.701296806,0.589648794,Iris-setosa
5.168764644,3.53763697,1.736833119,0.505841104,Iris-setosa
5.390276751,3.606474594,1.620955584,0.334906173,Iris-setosa
5.309203696,3.657204548,1.647496582,0.38035086,Iris-setosa
5.350033295,3.619381332,1.6236535,0.366664108,Iris-setosa
5.392032595,3.627937912,1.603583167,0.374910824,Iris-setosa
5.392817975,3.606368559,1.653139041,0.308088202,Iris-setosa
5.378469974,3.626075128,1.666323879,0.35402583,Iris-setosa
5.314232364,3.609613587,1.664391083,0.319803807,Iris-setosa
5.383544349,3.633693804,1.639769498,0.330767673,Iris-setosa
5.390874011,3.693550948,1.678004815,0.353853998,Iris-setosa
5.332381202,3.610762794,1.62754348,0.39972798,Iris-setosa
5.349123496,3.526922057,1.595256117,0.333911086,Iris-setosa
5.308814888,3.537656198,1.56116092,0.343542026,Iris-setosa
5.373169523,3.516554468,1.558937947,0.353883931,Iris-setosa
5.387214031,3.514034768,1.58702509,0.301885146,Iris-setosa
5.364096705,3.551086301,1.524569293,0.357111697,Iris-setosa
5.394028404,3.579110224,1.503317114,0.335538232,Iris-setosa
5.343270631,3.526105408,1.592694572,0.379821894,Iris-setosa
5.347504383,3.566839846,1.52021039,0.308518196,Iris-setosa
5.319092127,3.551553641,1.525341005,0.352747911,Iris-setosa
5.306627528,3.554178086,1.536638908,0.367939497,Iris-setosa
4.803777263,3.304461859,1.754183841,0.381000922,Iris-setosa
4.8660826,3.33556226,1.752805207,0.322628316,Iris-setosa
4.859393125,3.35408364,1.741457473,0.346431341,Iris-setosa
4.86622614,3.342722019,1.753188201,0.33905623,Iris-setosa
4.865675584,3.388705139,1.735653136,0.330736567,Iris-setosa
4.862460994,3.31948827,1.71238799,0.37591708,Iris-setosa
4.887362444,3.323260145,1.7914681,0.349768159,Iris-setosa
4.881507604,3.393819991,1.745799623,0.354483417,Iris-setosa
4.887753882,3.381283827,1.755061705,0.379042318,Iris-setosa
4.826654755,3.356396766,1.73806101,0.352427543,Iris-setosa
4.940579998,3.273915919,1.72478852,0.31549242,Iris-setosa
4.956950223,3.245663826,1.765254894,0.307621432,Iris-setosa
4.924660279,3.264517411,1.743297641,0.374303813,Iris-setosa
4.958202106,3.225870355,1.751653278,0.368377802,Iris-setosa
4.925899823,3.208513848,1.766188237,0.312310189,Iris-setosa
4.926177551,3.214538182,1.746975135,0.365820264,Iris-setosa
4.974597032,3.243853862,1.712304115,0.33303541,Iris-setosa
4.998482857,3.274471263,1.74895903,0.330354141,Iris-setosa
4.968337485,3.264618266,1.758255705,0.383944358,Iris-setosa
4.974524735,3.201131068,1.707537996,0.399660638,Iris-setosa
5.597488554,3.593246946,1.685977739,0.567309842,Iris-setosa
5.555865791,3.518827619,1.679816107,0.541304156,Iris-setosa
5.545635345,3.520767475,1.676318033,0.582131439,Iris-setosa
5.571124314,3.508890559,1.607444138,0.567849451,Iris-setosa
5.592817974,3.59526642,1.605184545,0.53524212,Iris-setosa
5.52124237,3.567937875,1.688059289,0.528081826,Iris-setosa
5.56485921,3.590789613,1.602918502,0.526342903,Iris-setosa
5.560810334,3.576687252,1.616004333,0.505425987,Iris-setosa
5.596895058,3.52477699,1.653049195,0.592776634,Iris-setosa
5.525559371,3.564391087,1.640409858,0.514577261,Iris-setosa
5.336076236,4.257174973,1.698606008,0.226878807,Iris-setosa
5.309425274,4.231520776,1.625740984,0.24464019,Iris-setosa
5.364687824,4.211672072,1.603227209,0.291369227,Iris-setosa
5.35381771,4.250925327,1.665941577,0.276253455,Iris-setosa
5.399101913,4.233211419,1.662553472,0.263687724,Iris-setosa
5.328583624,4.254729802,1.638233081,0.258604664,Iris-setosa
5.342614568,4.24141533,1.633764155,0.20757116,Iris-setosa
5.307526003,4.227797166,1.617096361,0.28541153,Iris-setosa
5.390433889,4.274403411,1.632418823,0.270028226,Iris-setosa
5.362907591,4.292070169,1.664470131,0.252040277,Iris-setosa
5.609115612,4.324281783,1.502941704,0.388244992,Iris-setosa
5.615784729,4.339840666,1.508807963,0.324195651,Iris-setosa
5.633098533,4.358859452,1.586679518,0.324987863,Iris-setosa
5.687071726,4.372052556,1.563266721,0.3514997,Iris-setosa
5.67697072,4.325675329,1.590452611,0.332359464,Iris-setosa
5.609343948,4.352467467,1.595886756,0.346661539,Iris-setosa
5.681289586,4.381932657,1.554193254,0.366988802,Iris-setosa
5.611201008,4.376564169,1.568086694,0.349255868,Iris-setosa
5.625761964,4.337956631,1.543165288,0.376812943,Iris-setosa
5.62918772,4.343338267,1.530249491,0.379080314,Iris-setosa
5.031871024,3.230971914,1.603865085,0.271144238,Iris-setosa
5.069371444,3.272881745,1.676975143,0.261371145,Iris-setosa
5.048066802,3.221013959,1.640430964,0.215142723,Iris-setosa
5.084646346,3.242618473,1.679926227,0.279363945,Iris-setosa
5.044455864,3.278837162,1.611811947,0.294003303,Iris-setosa
5.010732523,3.294286184,1.611499345,0.273280688,Iris-setosa
5.098972898,3.218404431,1.686901093,0.278287324,Iris-setosa
5.065773747,3.273276371,1.654045783,0.280984514,Iris-setosa
5.01867565,3.230771025,1.666353251,0.292827158,Iris-setosa
5.088206861,3.294985582,1.659174968,0.206133974,Iris-setosa
5.168076645,3.349639793,1.363767006,0.335407289,Iris-setosa
5.104119607,3.330490749,1.314877488,0.342693924,Iris-setosa
5.161639063,3.338822335,1.358701196,0.349044634,Iris-setosa
5.127385436,3.30072959,1.385053219,0.379459948,Iris-setosa
5.199735491,3.37029929,1.353068671,0.381111654,Iris-setosa
5.109852669,3.344677137,1.345793494,0.308356986,Iris-setosa
5.176387313,3.305729861,1.389705281,0.378910724,Iris-setosa
5.115301197,3.362551928,1.372309822,0.367695193,Iris-setosa
5.172419393,3.319222285,1.392466304,0.317374779,Iris-setosa
5.175883716,3.334868836,1.344548467,0.365300031,Iris-setosa
5.649002132,3.666617324,1.403953975,0.383751197,Iris-setosa
5.666774776,3.648109524,1.48340725,0.3277701,Iris-setosa
5.645945268,3.68552144,1.498362329,0.391796764,Iris-setosa
5.660685662,3.613301067,1.42085738,0.31592801,Iris-setosa
5.682554608,3.674683509,1.442749926,0.397510691,Iris-setosa
5.645677611,3.685556766,1.452593388,0.308093041,Iris-setosa
5.642576671,3.634712402,1.440906069,0.39026723,Iris-setosa
5.640866631,3.60283376,1.463643779,0.379025641,Iris-setosa
5.634670987,3.635712492,1.473423395,0.334116241,Iris-setosa
5.629574956,3.634655251,1.445594222,0.308211128,Iris-setosa
5.063493882,3.224271765,1.60473477,0.299663237,Iris-setosa
5.012921638,3.285902061,1.67771192,0.24293473,Iris-setosa
5.00096142,3.237370122,1.637344569,0.255543175,Iris-setosa
5.023499429,3.204397882,1.601322671,0.228252505,Iris-setosa
5.089285907,3.222486964,1.608455336,0.243117977,Iris-setosa
5.063047864,3.270291474,1.675535846,0.22228679,Iris-setosa
5.002900056,3.29728545,1.650931175,0.230058469,Iris-setosa
5.097212111,3.293334812,1.698146203,0.260300795,Iris-setosa
5.040815558,3.208017969,1.600579961,0.214820295,Iris-setosa
5.062850142,3.234579631,1.654737725,0.245817281,Iris-setosa
4.515210573,3.170390102,1.475614276,0.387420063,Iris-setosa
4.519187301,3.151496726,1.481703428,0.328910296,Iris-setosa
4.562044192,3.152451075,1.48131641,0.301817645,Iris-setosa
4.525197945,3.139818813,1.485378123,0.353260521,Iris-setosa
4.514397246,3.191538947,1.439340959,0.358774639,Iris-setosa
4.546516907,3.168370621,1.488556824,0.352494927,Iris-setosa
4.526420155,3.128689039,1.468583697,0.376686762,Iris-setosa
4.594537173,3.123178932,1.445616398,0.318706923,Iris-setosa
4.548467515,3.175810086,1.457098328,0.32620778,Iris-setosa
4.544493555,3.159952883,1.414931121,0.351587573,Iris-setosa
5.251815112,3.559082406,1.683791651,0.394243514,Iris-setosa
5.225836319,3.578075582,1.655862401,0.33978725,Iris-setosa
5.242919653,3.519276135,1.699105285,0.331585553,Iris-setosa
5.296453667,3.551767677,1.680386302,0.398811458,Iris-setosa
5.249649896,3.545277066,1.69882778,0.35674316,Iris-setosa
5.297248313,3.587121854,1.636175136,0.352608594,Iris-setosa
5.247313074,3.506866996,1.610285815,0.316611983,Iris-setosa
5.23863056,3.513814656,1.615523471,0.320362228,Iris-setosa
5.201792576,3.561049548,1.678234769,0.362125462,Iris-setosa
5.23946616,3.539721208,1.620994241,0.38258127,Iris-setosa
5.156516821,3.603592348,1.490947655,0.408589923,Iris-setosa
5.162571299,3.686539441,1.480151927,0.413128354,Iris-setosa
5.126726417,3.605709923,1.455055427,0.411602899,Iris-setosa
5.144798672,3.615356616,1.405041154,0.487193889,Iris-setosa
5.1582112,3.629790774,1.479644457,0.440833582,Iris-setosa
5.146308551,3.646584873,1.476267472,0.443264485,Iris-setosa
5.176616111,3.603351819,1.402258254,0.468711863,Iris-setosa
5.19461888,3.631682295,1.400033662,0.437762492,Iris-setosa
5.108100453,3.676796241,1.473280717,0.498563674,Iris-setosa
5.10653822,3.60115184,1.473336185,0.467507749,Iris-setosa
4.696817185,2.469299169,1.417307541,0.466139569,Iris-setosa
4.610829991,2.453598273,1.428431554,0.422536727,Iris-setosa
4.631800747,2.47539133,1.43884757,0.473702804,Iris-setosa
4.633302624,2.455772592,1.449809256,0.402714911,Iris-setosa
4.676310853,2.403223698,1.495287783,0.454957766,Iris-setosa
4.607426606,2.440232396,1.465553206,0.418078221,Iris-setosa
4.605387179,2.478029389,1.432781884,0.49552443,Iris-setosa
4.663250694,2.480562428,1.44235981,0.455906637,Iris-setosa
4.636834404,2.482170286,1.442996553,0.474283665,Iris-setosa
4.673125942,2.414327909,1.473788202,0.413422737,Iris-setosa
4.539650515,3.3760227,1.449525168,0.396170252,Iris-setosa
4.589039871,3.319049595,1.458418915,0.307847883,Iris-setosa
4.527902659,3.364163969,1.405529238,0.356764022,Iris-setosa
4.533004742,3.319326221,1.483512027,0.341849478,Iris-setosa
4.520807155,3.345217677,1.417135421,0.328257438,Iris-setosa
4.54926449,3.342919635,1.447863206,0.302174102,Iris-setosa
4.577699666,3.322979942,1.421738005,0.347491585,Iris-setosa
4.572817985,3.301595164,1.49347902,0.320110578,Iris-setosa
4.507726745,3.319001094,1.400541771,0.340763984,Iris-setosa
4.549814489,3.300552594,1.49032741,0.324547213,Iris-setosa
5.102583121,3.684996374,1.79405254,0.772768725,Iris-setosa
5.139514516,3.691467122,1.708768227,0.790029329,Iris-setosa
5.173792853,3.68390574,1.784799333,0.793809151,Iris-setosa
5.178224293,3.697755137,1.74989461,0.709439864,Iris-setosa
5.150162929,3.601782595,1.705899028,0.790715506,Iris-setosa
5.141881299,3.640064084,1.728652317,0.732118443,Iris-setosa
5.134066729,3.607933501,1.729188446,0.731976472,Iris-setosa
5.148631484,3.622088091,1.776866129,0.77869717,Iris-setosa
5.188399323,3.628746231,1.779350447,0.740711021,Iris-setosa
5.147707169,3.675794598,1.762105646,0.79628186,Iris-setosa
5.243951587,3.904062644,2.098383959,0.547548211,Iris-setosa
5.236804063,3.967436545,2.018557983,0.521646878,Iris-setosa
5.288073089,3.928603274,2.059005015,0.55023737,Iris-setosa
5.299188721,3.920388746,2.019800583,0.555336368,Iris-setosa
5.270467323,3.944261149,2.029010596,0.579469718,Iris-setosa
5.246860191,3.993503284,2.016548479,0.572729865,Iris-setosa
5.273811299,3.946092912,2.019866426,0.579690513,Iris-setosa
5.252446681,3.945172222,2.045648466,0.502505839,Iris-setosa
5.245291005,3.917176422,2.097731161,0.543374088,Iris-setosa
5.294834893,3.918818793,2.066886438,0.516751252,Iris-setosa
4.930780603,3.14657124,1.571703564,0.422487307,Iris-setosa
4.976118655,3.190000791,1.520426704,0.457781021,Iris-setosa
4.943260555,3.10367972,1.593661519,0.498095394,Iris-setosa
4.96935589,3.183874546,1.565185445,0.41701075,Iris-setosa
4.985317213,3.189587497,1.522834584,0.412573759,Iris-setosa
4.989639569,3.168095123,1.579347966,0.471337202,Iris-setosa
4.943285083,3.129476948,1.523201869,0.414943059,Iris-setosa
4.931980586,3.168564837,1.502927041,0.455441963,Iris-setosa
4.978980205,3.128241885,1.55615094,0.497697096,Iris-setosa
4.910836037,3.11077392,1.56744254,0.411117788,Iris-setosa
5.221364499,3.918107295,1.791549335,0.302548286,Iris-setosa
5.286279202,3.941677217,1.712844937,0.302173602,Iris-setosa
5.294905077,3.936144477,1.740263031,0.348305704,Iris-setosa
5.290176489,3.980722343,1.795062124,0.303264611,Iris-setosa
5.261851058,3.967939997,1.74808946,0.371117723,Iris-setosa
5.203343325,3.963284079,1.764986114,0.370266843,Iris-setosa
5.281366198,3.90831855,1.750433988,0.396175465,Iris-setosa
5.244519368,3.945196485,1.761283441,0.31347644,Iris-setosa
5.28122557,3.912936527,1.731003984,0.349414304,Iris-setosa
5.281095527,3.981767618,1.781041202,0.36995164,Iris-setosa
4.71383012,3.379411957,1.540627269,0.352111155,Iris-setosa
4.749939442,3.396984413,1.548076056,0.325381484,Iris-setosa
4.792068387,3.306027199,1.589642804,0.329943036,Iris-setosa
4.772149549,3.383083706,1.596748373,0.333425234,Iris-setosa
4.791570797,3.321103526,1.543078789,0.335521625,Iris-setosa
4.728351811,3.308099186,1.501673762,0.313872973,Iris-setosa
4.745574117,3.358069791,1.552811239,0.386952671,Iris-setosa
4.716164807,3.370498356,1.512942313,0.334902526,Iris-setosa
4.779734789,3.332583458,1.582813201,0.339894059,Iris-setosa
4.78883271,3.35447812,1.552663142,0.35714387,Iris-setosa
5.408733575,3.846368972,1.662903286,0.370028188,Iris-setosa
5.477366687,3.813815461,1.647930247,0.338808841,Iris-setosa
5.4502697,3.827090155,1.615794308,0.362963633,Iris-setosa
5.44768103,3.854152416,1.623185132,0.370218058,Iris-setosa
5.428738642,3.892449849,1.68446689,0.34293448,Iris-setosa
5.452294401,3.895065545,1.647584641,0.395751654,Iris-setosa
5.402477199,3.837355741,1.678386949,0.343240937,Iris-setosa
5.483730093,3.879726461,1.676041449,0.355018692,Iris-setosa
5.472901787,3.854951683,1.621312952,0.332413886,Iris-setosa
5.490172567,3.872515956,1.681457112,0.36355844,Iris-setosa
5.105687377,3.478819672,1.506386699,0.358366694,Iris-setosa
5.133637083,3.490940121,1.546266491,0.316682258,Iris-setosa
5.182203017,3.425601734,1.54208456,0.343878728,Iris-setosa
5.118405319,3.417738584,1.537046602,0.305022255,Iris-setosa
5.124488673,3.410522064,1.508757426,0.348624483,Iris-setosa
5.109425549,3.47796295,1.541004267,0.388214502,Iris-setosa
5.185099109,3.452361088,1.59691012,0.312230345,Iris-setosa
5.153896973,3.474691657,1.531041988,0.398654344,Iris-setosa
5.117750893,3.454194518,1.510325696,0.319234233,Iris-setosa
5.156621342,3.437906103,1.500960929,0.342365345,Iris-setosa
7.1476284666,3.3550861125,4.8960021421,1.5826306483,Iris-versicolor
7.1686664937,3.3312098947,4.8332503429,1.5203181857,Iris-versicolor
7.1876940112,3.335232336,4.813870021,1.5865249314,Iris-versicolor
7.1454649177,3.393828586,4.8376718392,1.5951446019,Iris-versicolor
7.1669406154,3.3396051939,4.8432776731,1.519502193,Iris-versicolor
7.1795901998,3.374111441,4.8537745882,1.5145949169,Iris-versicolor
7.1791092008,3.3446538362,4.8695756361,1.5694689814,Iris-versicolor
7.1683736011,3.3254188949,4.8162143564,1.5414594305,Iris-versicolor
7.1269824295,3.3213051119,4.8765430192,1.5351420995,Iris-versicolor
7.1523875943,3.3420626717,4.8547659497,1.5354641175,Iris-versicolor
6.5563694627,3.3974326013,4.6142355547,1.6761163749,Iris-versicolor
6.5337944086,3.3727057996,4.6917610591,1.6120163042,Iris-versicolor
6.5187339495,3.3641226983,4.6810160301,1.6597989473,Iris-versicolor
6.5240281716,3.3075854666,4.6337836969,1.6866466602,Iris-versicolor
6.5438159002,3.3572930967,4.630456854,1.6211568227,Iris-versicolor
6.5136706184,3.3589700535,4.6623616583,1.6010669861,Iris-versicolor
6.5298385843,3.3076024402,4.6053018902,1.6729453663,Iris-versicolor
6.5818137459,3.313597595,4.6460587047,1.6743806433,Iris-versicolor
6.5771089884,3.3283763459,4.6927642001,1.6693654489,Iris-versicolor
6.573240557,3.3432449471,4.6816569111,1.6808311311,Iris-versicolor
7.0281665003,3.2107245159,5.0722864967,1.6663135267,Iris-versicolor
7.0564768033,3.2722980043,5.0446498832,1.6402948359,Iris-versicolor
7.0905793375,3.2051063195,5.0108921352,1.6537271724,Iris-versicolor
7.0478347451,3.2161616309,5.0697590959,1.6890554977,Iris-versicolor
7.0544574412,3.2711522251,5.0865750071,1.652773502,Iris-versicolor
7.0945092617,3.28102892,5.0653160627,1.6349692739,Iris-versicolor
7.0394717584,3.2115080646,5.015296498,1.6761120588,Iris-versicolor
7.0011618835,3.2449049375,5.0917712804,1.6643076009,Iris-versicolor
7.0945690654,3.2467522857,5.0573514463,1.664198331,Iris-versicolor
7.0200018546,3.2873763629,5.0384080384,1.6411355529,Iris-versicolor
5.6857393762,2.446361792,4.1417243297,1.4062564219,Iris-versicolor
5.6746751314,2.4415711388,4.1303192152,1.498170666,Iris-versicolor
5.6876962813,2.4684349971,4.1379937641,1.4400284839,Iris-versicolor
5.6441652161,2.4704696659,4.1401956363,1.4422324182,Iris-versicolor
5.6124608599,2.4381401423,4.184482801,1.4861429978,Iris-versicolor
5.6380862378,2.4467013829,4.1909822827,1.4855552495,Iris-versicolor
5.6346390699,2.4807247155,4.1989040286,1.4105733005,Iris-versicolor
5.6733986606,2.4976047846,4.1204631474,1.451026921,Iris-versicolor
5.6911848173,2.4883523608,4.1387177775,1.432065271,Iris-versicolor
5.6753915507,2.435705811,4.1580729133,1.4554237504,Iris-versicolor
6.6543718498,2.938459783,4.7057575889,1.656105904,Iris-versicolor
6.6035500011,2.9176916306,4.7548548196,1.6811130934,Iris-versicolor
6.6981671408,2.9173379217,4.7264944855,1.6501124776,Iris-versicolor
6.6992599393,2.9891711661,4.713615173,1.6464483064,Iris-versicolor
6.639508062,2.9487263241,4.7379097232,1.6277530894,Iris-versicolor
6.6385199729,2.9244376162,4.7537769268,1.6239939643,Iris-versicolor
6.6757782739,2.9613041549,4.7204316472,1.6636687069,Iris-versicolor
6.6770506205,2.9010143235,4.7018953496,1.6478847835,Iris-versicolor
6.6342445386,2.9596987209,4.7311356693,1.6130009594,Iris-versicolor
6.618203506,2.9008422358,4.7362083799,1.6141501423,Iris-versicolor
5.8871397876,2.9895771047,4.6570320847,1.4089691754,Iris-versicolor
5.807215782,2.9517128322,4.6991165564,1.4341940259,Iris-versicolor
5.8528595422,2.9857243945,4.6976557093,1.4197133837,Iris-versicolor
5.8583869793,2.9993381535,4.6846669929,1.4982896722,Iris-versicolor
5.8842307305,2.9603369178,4.6738394944,1.4027824505,Iris-versicolor
5.8539199959,2.9184463361,4.6378831755,1.4244282039,Iris-versicolor
5.8244013675,2.9295734636,4.6009789228,1.4386385422,Iris-versicolor
5.8922926128,2.9084546552,4.690322321,1.4418055094,Iris-versicolor
5.8844326361,2.9274324515,4.6071813771,1.4649054516,Iris-versicolor
5.8714129749,2.9838563569,4.6018867561,1.4823282226,Iris-versicolor
6.426509261,3.4000430546,4.8034071072,1.7826036013,Iris-versicolor
6.441618865,3.4535360978,4.8248138862,1.7399288941,Iris-versicolor
6.448368414,3.4939251795,4.8966927558,1.7230953164,Iris-versicolor
6.4795901852,3.4798833031,4.8555087552,1.7818742922,Iris-versicolor
6.4651258497,3.4365163969,4.8552151941,1.7571108086,Iris-versicolor
6.4734646339,3.4615628107,4.8869718998,1.7363693499,Iris-versicolor
6.4546851851,3.4576919997,4.8477456008,1.7802596911,Iris-versicolor
6.4364895276,3.4319311059,4.8016177004,1.7234160978,Iris-versicolor
6.431541487,3.4864072693,4.8911485209,1.7088491714,Iris-versicolor
6.4470959788,3.4757539018,4.8077241909,1.7634146647,Iris-versicolor
5.0644183392,2.5002469991,3.4825683793,1.1375517982,Iris-versicolor
5.0144800065,2.5594421049,3.4861390696,1.1187882484,Iris-versicolor
5.0033896702,2.5407390802,3.4084577886,1.1305507352,Iris-versicolor
5.079998746,2.5688445456,3.4401954356,1.1379747472,Iris-versicolor
5.048763014,2.5596414756,3.4195881152,1.1107603093,Iris-versicolor
5.0796340121,2.5001788778,3.491050535,1.1935572213,Iris-versicolor
5.0963515014,2.5427782475,3.4884017853,1.1625917026,Iris-versicolor
5.0031832659,2.5624545646,3.4381779394,1.1493379155,Iris-versicolor
5.0955448126,2.5899614624,3.4812657787,1.1429112049,Iris-versicolor
5.0235955395,2.5339670103,3.4830714883,1.1728042644,Iris-versicolor
6.7748648628,3.0702257416,4.739305359,1.4728013477,Iris-versicolor
6.7680682814,3.0928138569,4.7424044744,1.4197196479,Iris-versicolor
6.7871021764,3.0262751008,4.7159624708,1.4822512877,Iris-versicolor
6.7954671421,3.0986989307,4.7051156319,1.4709758473,Iris-versicolor
6.7449800283,3.0613859718,4.7429215587,1.4625183291,Iris-versicolor
6.7970679756,3.0572864479,4.7140224206,1.4830477,Iris-versicolor
6.7545050609,3.012106408,4.7172189792,1.4434147823,Iris-versicolor
6.7859496409,3.0527394608,4.7377419437,1.4964915683,Iris-versicolor
6.7703920747,3.03428919,4.7066763416,1.4697891124,Iris-versicolor
6.7048915884,3.0927342556,4.7191711316,1.4973733878,Iris-versicolor
5.3308523855,2.8362653926,4.0939717613,1.5065599344,Iris-versicolor
5.395937225,2.8626800551,4.0453464955,1.5201318663,Iris-versicolor
5.397099031,2.8137950552,4.0410854993,1.5298286809,Iris-versicolor
5.3572759069,2.8474082412,4.003646777,1.5213611474,Iris-versicolor
5.3461008325,2.8211977503,4.0388167061,1.57109893,Iris-versicolor
5.3730460551,2.8172420144,4.0243085446,1.5103609278,Iris-versicolor
5.3705365553,2.8024382537,4.039572785,1.563684583,Iris-versicolor
5.3872045844,2.8740767936,4.0062742615,1.5290630256,Iris-versicolor
5.3788694032,2.8163181299,4.032658007,1.5091844917,Iris-versicolor
5.3600090517,2.8784026109,4.0594698052,1.573490093,Iris-versicolor
5.1786354441,2.1580074228,3.6973067534,1.1386677587,Iris-versicolor
5.1455822628,2.1591642615,3.6044061052,1.1594557721,Iris-versicolor
5.1024550277,2.1201388947,3.617735422,1.186187551,Iris-versicolor
5.1214805059,2.1504869505,3.6907259363,1.1844494917,Iris-versicolor
5.1341812405,2.1093397312,3.6320662858,1.1906006115,Iris-versicolor
5.1076604227,2.1756824646,3.6514929017,1.100987775,Iris-versicolor
5.1803766346,2.1686616211,3.6860643014,1.1534537053,Iris-versicolor
5.1945941789,2.1549517248,3.6065827989,1.1060409134,Iris-versicolor
5.130061109,2.1799438955,3.6717771533,1.1634502599,Iris-versicolor
5.1985195862,2.1208376992,3.6370519377,1.1157421984,Iris-versicolor
6.0750213664,3.1486408243,4.3648705069,1.6707942228,Iris-versicolor
6.0790162524,3.1480015464,4.3986318,1.6215990847,Iris-versicolor
6.0666916102,3.1265330475,4.3088063439,1.6017231907,Iris-versicolor
6.0686593481,3.1186428339,4.3036936297,1.6906787136,Iris-versicolor
6.060489355,3.1470447806,4.3513202008,1.6894450337,Iris-versicolor
6.0576549321,3.1306315916,4.3807932321,1.681403266,Iris-versicolor
6.0002923063,3.1918896349,4.3349524237,1.6313377121,Iris-versicolor
6.0885882856,3.1292219446,4.3786782918,1.6589524569,Iris-versicolor
6.0494220416,3.195557564,4.3209658954,1.6748665602,Iris-versicolor
6.0456019943,3.1390934171,4.3875675231,1.6408296613,Iris-versicolor
6.1171744071,2.3225226517,4.1710583205,1.1969310002,Iris-versicolor
6.1107986599,2.3892472969,4.1180000522,1.1197893369,Iris-versicolor
6.1120411442,2.3966192767,4.1286211252,1.1108087095,Iris-versicolor
6.1762239706,2.3319999251,4.1689786299,1.1706447762,Iris-versicolor
6.1953264704,2.3786505888,4.1756596151,1.1978641906,Iris-versicolor
6.1356760332,2.3811997921,4.1616229529,1.1939805887,Iris-versicolor
6.1067497032,2.3620309197,4.1874172495,1.1649813599,Iris-versicolor
6.1064254145,2.3356654755,4.1025920364,1.1691971932,Iris-versicolor
6.1355224085,2.3303611054,4.1396397641,1.1026055012,Iris-versicolor
6.1136607214,2.3735482775,4.1210655426,1.1317572211,Iris-versicolor
6.2103856307,3.0434794742,4.8128729331,1.5766293915,Iris-versicolor
6.2194221329,3.0283961211,4.8838876758,1.5177277007,Iris-versicolor
6.2920000208,3.0809951178,4.8861987588,1.5925377328,Iris-versicolor
6.2411530578,3.0360457446,4.8663211097,1.5894966028,Iris-versicolor
6.2707348012,3.0508208224,4.88141153,1.5667311348,Iris-versicolor
6.2920227354,3.0114611448,4.8456210107,1.5162165861,Iris-versicolor
6.2910139258,3.0525335549,4.8403405473,1.5800902545,Iris-versicolor
6.2982153314,3.0727938723,4.8479523056,1.55532957,Iris-versicolor
6.2944047631,3.0042305819,4.8346525066,1.5507274633,Iris-versicolor
6.2742962968,3.0912142148,4.8497017472,1.570767388,Iris-versicolor
5.7480375042,3.0564482883,3.7146018381,1.4483854968,Iris-versicolor
5.7602888888,3.0047749218,3.7862960304,1.4369020081,Iris-versicolor
5.7975509427,3.084147907,3.743948802,1.4769857746,Iris-versicolor
5.7471453614,3.0065132376,3.7335693611,1.4377490912,Iris-versicolor
5.7586437524,3.0310512155,3.7610195347,1.496013568,Iris-versicolor
5.7142048679,3.0723811656,3.7859555979,1.4750277769,Iris-versicolor
5.7171459124,3.0703513403,3.7107562395,1.4501068485,Iris-versicolor
5.7096417043,3.0560872573,3.7417064096,1.4061537044,Iris-versicolor
5.7120180633,3.0654897264,3.7343086473,1.4913586779,Iris-versicolor
5.715437917,3.0907777396,3.7424611418,1.4878237242,Iris-versicolor
6.8225480899,3.2741635139,4.5667976312,1.5773930907,Iris-versicolor
6.8688041072,3.2215980735,4.5198647448,1.5924205823,Iris-versicolor
6.8512191883,3.2487389705,4.5061748199,1.5267959697,Iris-versicolor
6.8059070905,3.297744695,4.5599736302,1.5035374287,Iris-versicolor
6.8603223473,3.2172737047,4.5446532357,1.5147864504,Iris-versicolor
6.8990033933,3.268564381,4.5117875642,1.5722745918,Iris-versicolor
6.8751196157,3.2921581451,4.552276625,1.5620988007,Iris-versicolor
6.8990238215,3.2339956564,4.541190994,1.5358709215,Iris-versicolor
6.8937085101,3.2743531619,4.5195971768,1.5139531773,Iris-versicolor
6.845407129,3.2554028156,4.5620513731,1.5469630165,Iris-versicolor
5.7510316458,3.1619505058,4.6452927727,1.632031357,Iris-versicolor
5.7861854395,3.1237389186,4.6051732855,1.6211723702,Iris-versicolor
5.7338034574,3.1337018433,4.6118782762,1.6283615821,Iris-versicolor
5.7503793831,3.1505296074,4.607909305,1.6456242535,Iris-versicolor
5.7915867094,3.1816291686,4.6914317149,1.6744432078,Iris-versicolor
5.7648037905,3.1130704497,4.6466805781,1.6490488706,Iris-versicolor
5.7756958802,3.1545534291,4.6781854514,1.6873824497,Iris-versicolor
5.7443398963,3.1284582015,4.6114941556,1.6428126744,Iris-versicolor
5.7125507695,3.1058465425,4.6584589776,1.6127773251,Iris-versicolor
5.7740586571,3.1178039972,4.6598965974,1.6718408231,Iris-versicolor
5.9460596617,2.8169906557,4.2770251634,1.1813920009,Iris-versicolor
5.9105967189,2.8963607326,4.2923526073,1.149860126,Iris-versicolor
5.9443662753,2.8489592486,4.263419615,1.1836215277,Iris-versicolor
5.93120792,2.8535831517,4.264508999,1.1053478926,Iris-versicolor
5.9439820834,2.836076857,4.2385172048,1.1970503254,Iris-versicolor
5.9496649975,2.806615215,4.290624418,1.1076033026,Iris-versicolor
5.931522497,2.8611422776,4.2528461766,1.1241460263,Iris-versicolor
5.9813966083,2.8926015907,4.2455587993,1.1948352081,Iris-versicolor
5.9944291593,2.821157609,4.2053582093,1.1120291766,Iris-versicolor
5.9733834505,2.8880077543,4.262800033,1.1087567925,Iris-versicolor
6.3017020351,2.3435116153,4.6001428162,1.6186090558,Iris-versicolor
6.3526927163,2.3815127394,4.66828289,1.6422095216,Iris-versicolor
6.3060310879,2.3453189591,4.6545095762,1.675168632,Iris-versicolor
6.3251600044,2.3447385901,4.6417394926,1.6962584508,Iris-versicolor
6.3612762436,2.3755991192,4.654214191,1.6762365253,Iris-versicolor
6.3840545354,2.322646811,4.6825577844,1.6906773677,Iris-versicolor
6.3481724798,2.3940421319,4.6494508787,1.6923347,Iris-versicolor
6.3449777746,2.329662213,4.6290550113,1.6396500505,Iris-versicolor
6.3985594317,2.3168680608,4.6070412302,1.6798647441,Iris-versicolor
6.325231601,2.3762758074,4.6765747865,1.6017319259,Iris-versicolor
5.7757326752,2.6976223849,4.0813336873,1.2133958968,Iris-versicolor
5.7312375483,2.641129131,4.0097642282,1.2457693446,Iris-versicolor
5.7170678636,2.6877749508,4.0959808927,1.2641407788,Iris-versicolor
5.7771095015,2.6598831724,4.0469372593,1.2521717918,Iris-versicolor
5.7606148432,2.6280874166,4.0929821281,1.249343141,Iris-versicolor
5.7087151093,2.6411459601,4.0643496317,1.2770107415,Iris-versicolor
5.7520182415,2.6474423263,4.084997917,1.2015799551,Iris-versicolor
5.7573184134,2.6448842643,4.0591472789,1.2645954357,Iris-versicolor
5.760066778,2.6190685658,4.0317084339,1.2450603067,Iris-versicolor
5.7780737442,2.6075530879,4.083117209,1.2155699432,Iris-versicolor
6.0495324843,3.3898674095,4.920428687,1.9253237936,Iris-versicolor
6.0937047955,3.3124935057,4.9150268056,1.9010559736,Iris-versicolor
6.0956538279,3.3958542454,4.9814999387,1.9284805939,Iris-versicolor
6.058588197,3.3363032662,4.9782462719,1.9041136193,Iris-versicolor
6.0094172156,3.3325103299,4.937242468,1.9215852175,Iris-versicolor
6.0488656887,3.3718549582,4.9460516193,1.9750221222,Iris-versicolor
6.0334605995,3.3686935492,4.9003807768,1.9606294038,Iris-versicolor
6.0468370006,3.3608786009,4.9846528536,1.9393300976,Iris-versicolor
6.0044892106,3.340854567,4.9188959964,1.9120845571,Iris-versicolor
6.0396169645,3.3062804268,4.921736693,1.9816535237,Iris-versicolor
6.2794363601,2.9048640633,4.1229663802,1.4690246643,Iris-versicolor
6.2319196481,2.9957509261,4.1789486073,1.4813297217,Iris-versicolor
6.2873761361,2.9205366434,4.1717382525,1.4642010029,Iris-versicolor
6.2514586826,2.9357728019,4.1539561615,1.413948172,Iris-versicolor
6.2606751262,2.986209496,4.1802905955,1.4811349299,Iris-versicolor
6.2777951949,2.9094608655,4.1557659265,1.4433293918,Iris-versicolor
6.2357744907,2.9136351757,4.1098525255,1.4662175792,Iris-versicolor
6.2686907993,2.9978382083,4.1538750386,1.4560990271,Iris-versicolor
6.2271571936,2.9105686017,4.1966796974,1.4354452274,Iris-versicolor
6.2269654012,2.9983408553,4.1382885323,1.4202253796,Iris-versicolor
6.4255157119,2.625856489,5.0779981705,1.6402752362,Iris-versicolor
6.4526298796,2.6664520449,5.062349828,1.6700345129,Iris-versicolor
6.482898537,2.6497564944,5.0403431446,1.6327371582,Iris-versicolor
6.4103515745,2.6673542871,5.0389518524,1.6223512384,Iris-versicolor
6.4139883582,2.628267388,5.0158689919,1.6240256486,Iris-versicolor
6.4880397039,2.6647581628,5.0730752214,1.6626763223,Iris-versicolor
6.4540471524,2.6026549346,5.0623175302,1.6847346017,Iris-versicolor
6.4616499223,2.656461701,5.0318504307,1.6075591589,Iris-versicolor
6.4253195023,2.6574577807,5.0040662892,1.6268899163,Iris-versicolor
6.4346685394,2.6664522986,5.0615027616,1.6642208606,Iris-versicolor
6.2501334045,2.9478083931,4.8262832195,1.3269802074,Iris-versicolor
6.2382484586,2.9489255753,4.8568264795,1.3491669691,Iris-versicolor
6.2719931303,2.9313210744,4.846096642,1.3112409194,Iris-versicolor
6.218173994,2.9848363855,4.8379781155,1.3197177356,Iris-versicolor
6.2576899979,2.9190082201,4.8978629992,1.3477974266,Iris-versicolor
6.2615117118,2.9484678822,4.8135305473,1.3123720432,Iris-versicolor
6.2890572323,2.953771516,4.8544928258,1.3424581756,Iris-versicolor
6.226138732,2.9620528601,4.8509472046,1.3552511362,Iris-versicolor
6.2793400608,2.9853916816,4.8653158146,1.3013981356,Iris-versicolor
6.2778218122,2.934966252,4.8943159579,1.306542256,Iris-versicolor
6.5495956844,3.0046134194,4.4687801302,1.4209398032,Iris-versicolor
6.5838095556,3.0881365687,4.4334158284,1.4418942679,Iris-versicolor
6.5632842622,3.0810472946,4.4699413944,1.4993649796,Iris-versicolor
6.502563884,3.0562095085,4.456137941,1.4712655801,Iris-versicolor
6.5131249198,3.0283209121,4.4503339384,1.4055391724,Iris-versicolor
6.5297645373,3.0051394652,4.4593118014,1.4603717325,Iris-versicolor
6.5108254729,3.0352598755,4.4367055598,1.4579580671,Iris-versicolor
6.5756372342,3.0790894167,4.4433342753,1.4300025659,Iris-versicolor
6.5950739972,3.0354563784,4.4699844284,1.4979953022,Iris-versicolor
6.5998323623,3.0320119666,4.4097452984,1.4058829313,Iris-versicolor
6.7246542411,3.1001196105,4.574968373,1.5014772585,Iris-versicolor
6.7931839706,3.1397503333,4.5306138354,1.5784294304,Iris-versicolor
6.7678580664,3.1473522567,4.5604139143,1.5509005868,Iris-versicolor
6.7757718749,3.159055342,4.5192117259,1.5463294776,Iris-versicolor
6.784493488,3.1408097428,4.5538601055,1.5861961134,Iris-versicolor
6.769277642,3.1591538292,4.5707599911,1.5711831539,Iris-versicolor
6.7331025255,3.1153185931,4.5736154284,1.5221456795,Iris-versicolor
6.734696607,3.1374904642,4.5628179559,1.5765917038,Iris-versicolor
6.7449534523,3.1938106978,4.5973794399,1.5702770194,Iris-versicolor
6.7644154736,3.1758084765,4.5454084688,1.5757321243,Iris-versicolor
6.9605974748,2.9112929949,4.9041442803,1.5142169793,Iris-versicolor
6.9360366634,2.9223578033,4.9271641838,1.520513902,Iris-versicolor
6.9115207373,2.9499450505,4.9233659588,1.5850126225,Iris-versicolor
6.9683495431,2.9755270662,4.9170206034,1.5440081005,Iris-versicolor
6.9031735264,2.9669040175,4.9163649335,1.5707841013,Iris-versicolor
6.9012064344,2.9886629092,4.9021141584,1.5972098235,Iris-versicolor
6.9314943331,2.9853260343,4.9778645395,1.5178674304,Iris-versicolor
6.9787685642,2.9732274878,4.9899941627,1.5953790938,Iris-versicolor
6.9675025384,2.9301061839,4.9013478624,1.5558032811,Iris-versicolor
6.9699428237,2.9916481473,4.9866097835,1.5794650955,Iris-versicolor
6.8413612973,3.1013664752,5.1301561864,1.8956664279,Iris-versicolor
6.8703826796,3.1155570006,5.1669861255,1.8911444524,Iris-versicolor
6.8187941259,3.1813451547,5.1746709909,1.853485214,Iris-versicolor
6.8885790469,3.1873846642,5.1774303443,1.8930274887,Iris-versicolor
6.838021833,3.1988687249,5.1565383504,1.8622240165,Iris-versicolor
6.8871960943,3.1470717079,5.1186575409,1.8087658908,Iris-versicolor
6.8099061008,3.1062865037,5.1172998059,1.8390890425,Iris-versicolor
6.8596499191,3.1004371498,5.166886894,1.8805276792,Iris-versicolor
6.8714181827,3.1363078246,5.1060917691,1.8592170296,Iris-versicolor
6.8141863392,3.1441797894,5.1587312315,1.8312570132,Iris-versicolor
6.1766990922,3.0046096178,4.6467057587,1.6323387347,Iris-versicolor
6.1057941698,3.0148058768,4.632681991,1.6927237413,Iris-versicolor
6.1845463714,3.0414487336,4.6682114854,1.6575388086,Iris-versicolor
6.1525423916,3.0247237495,4.6148472691,1.6249460978,Iris-versicolor
6.1647959295,3.0978073487,4.6360397685,1.6262246099,Iris-versicolor
6.1483837554,3.064033764,4.6352627229,1.6258073334,Iris-versicolor
6.1249068679,3.0801982011,4.6029523203,1.6440496011,Iris-versicolor
6.1403755596,3.0414384286,4.6494063511,1.6262646442,Iris-versicolor
6.1812562903,3.0484084401,4.6708797648,1.6112577069,Iris-versicolor
6.1295790884,3.0969457217,4.6702350291,1.6878090954,Iris-versicolor
5.8410229495,2.7803860088,3.6287369701,1.113313769,Iris-versicolor
5.8865052405,2.7553584812,3.669618686,1.1017430976,Iris-versicolor
5.8712116747,2.7908424288,3.6125282467,1.1219649245,Iris-versicolor
5.843497618,2.70236755,3.6539472808,1.1228130859,Iris-versicolor
5.8100000562,2.7828806429,3.6028514431,1.1555299906,Iris-versicolor
5.8411807723,2.7719996545,3.6866651886,1.1109632341,Iris-versicolor
5.8950995549,2.7634955958,3.6235113616,1.1868156686,Iris-versicolor
5.8086424308,2.7693296144,3.6572687333,1.16904194,Iris-versicolor
5.8999353517,2.7702930744,3.6438697822,1.100659625,Iris-versicolor
5.8661106809,2.7591465485,3.6627850031,1.137466352,Iris-versicolor
5.6384272061,2.5976820647,3.9484226091,1.2263321323,Iris-versicolor
5.6857799425,2.5908228827,3.9638555229,1.2304787641,Iris-versicolor
5.6801175765,2.5040537415,3.9803806171,1.273038632,Iris-versicolor
5.6782327509,2.5386537856,3.9527153051,1.238526894,Iris-versicolor
5.6137087659,2.529303291,3.9178098115,1.2496590818,Iris-versicolor
5.66529361,2.5496273384,3.9994845919,1.2226708199,Iris-versicolor
5.6159937125,2.5946595891,3.91279287,1.2921415141,Iris-versicolor
5.678053888,2.5391647817,3.9612914472,1.2777802973,Iris-versicolor
5.6612828136,2.5312721226,3.951199466,1.2506587391,Iris-versicolor
5.6941300269,2.5152738619,3.988053729,1.2175323969,Iris-versicolor
5.6135588328,2.5601578218,3.8008395314,1.1101413185,Iris-versicolor
5.6832820236,2.5762997937,3.8398971194,1.1927350063,Iris-versicolor
5.6890552194,2.5494052807,3.8563779699,1.1311906029,Iris-versicolor
5.6759690612,2.5527252061,3.8257056365,1.126544561,Iris-versicolor
5.6190841728,2.5674662357,3.8628627449,1.1760919055,Iris-versicolor
5.6032708699,2.5269040501,3.8571561348,1.1077163581,Iris-versicolor
5.672917144,2.5017126926,3.8874543999,1.136642129,Iris-versicolor
5.6962507381,2.5954625623,3.8239002986,1.1191370164,Iris-versicolor
5.6637820262,2.5134367641,3.8547234369,1.1432430593,Iris-versicolor
5.6352363015,2.5901991088,3.8556114868,1.1034365949,Iris-versicolor
5.9175969482,2.806685109,4.0962356905,1.3266364822,Iris-versicolor
5.9629108513,2.815054468,4.0684993137,1.3978207395,Iris-versicolor
5.9542222053,2.859959467,4.0832539377,1.3586841369,Iris-versicolor
5.967058621,2.8403797248,4.0925363275,1.3775078052,Iris-versicolor
5.9271218313,2.8104878263,4.0456355819,1.3908999163,Iris-versicolor
5.9295493521,2.8219431977,4.0785703019,1.3375483432,Iris-versicolor
5.9525672507,2.8015246772,4.0336339515,1.3464206458,Iris-versicolor
5.936170407,2.8565320056,4.0674017003,1.3467703548,Iris-versicolor
5.9495889448,2.8163728653,4.0513415602,1.3596234409,Iris-versicolor
5.9509171492,2.8787506481,4.0786692344,1.3362813776,Iris-versicolor
6.1343427249,2.8220093739,5.261025622,1.774492693,Iris-versicolor
6.1320471824,2.8727462873,5.2799908635,1.7723941148,Iris-versicolor
6.174184478,2.8832390784,5.214608566,1.7407020591,Iris-versicolor
6.1408580051,2.8545179455,5.280845786,1.7073625179,Iris-versicolor
6.1279038325,2.8227798078,5.2755355926,1.7364633396,Iris-versicolor
6.1924959239,2.8517892572,5.2708359782,1.7229590451,Iris-versicolor
6.14655628,2.8603716865,5.2157903831,1.7987895331,Iris-versicolor
6.1541734148,2.8831754399,5.2440278333,1.7510766941,Iris-versicolor
6.1920972373,2.8012213724,5.2400469707,1.7562419831,Iris-versicolor
6.1225611899,2.8056165907,5.2045096713,1.7902485006,Iris-versicolor
5.5923414907,3.1094547018,4.6319959641,1.6062403155,Iris-versicolor
5.5629068906,3.1407323175,4.689295575,1.6206886887,Iris-versicolor
5.5320207377,3.1136739227,4.6248456662,1.6358213031,Iris-versicolor
5.529793551,3.193197983,4.6351712784,1.6615075497,Iris-versicolor
5.5681752736,3.1759490938,4.6883590418,1.6989535599,Iris-versicolor
5.548834918,3.1628719834,4.6162922805,1.6527006007,Iris-versicolor
5.5210506507,3.1565995377,4.6352293127,1.6601662514,Iris-versicolor
5.533558144,3.1196006942,4.6198410931,1.6359547441,Iris-versicolor
5.5086831837,3.1415015809,4.6800201339,1.6023943731,Iris-versicolor
5.5427951974,3.1501137873,4.6512433435,1.6519108464,Iris-versicolor
6.1979975689,3.5113963659,4.645278392,1.7671827453,Iris-versicolor
6.1288220414,3.5747727876,4.6746300408,1.7397927783,Iris-versicolor
6.1395953187,3.5475579159,4.6160928109,1.719669838,Iris-versicolor
6.182663242,3.5055931437,4.6083338522,1.7528676172,Iris-versicolor
6.1907690626,3.5989794699,4.6661924988,1.7748011126,Iris-versicolor
6.1863908829,3.5982858098,4.6199416931,1.7641464027,Iris-versicolor
6.1092079415,3.5634797756,4.6089820757,1.7226904329,Iris-versicolor
6.1566506561,3.5534716018,4.6415905044,1.716027275,Iris-versicolor
6.1453617467,3.5356012036,4.692257162,1.7850441883,Iris-versicolor
6.1544451971,3.5588729566,4.6261387549,1.7585855652,Iris-versicolor
6.8797969194,3.2464175468,4.8032828321,1.6256982518,Iris-versicolor
6.8321893413,3.2000245734,4.8605601878,1.6446832137,Iris-versicolor
6.8235737493,3.203783393,4.8092163625,1.6887636043,Iris-versicolor
6.8765053147,3.2378192238,4.8773975804,1.6455852786,Iris-versicolor
6.8268472378,3.2292460159,4.8308835638,1.6397626994,Iris-versicolor
6.8689063002,3.2229274228,4.8915899971,1.6383616202,Iris-versicolor
6.829205464,3.2313828658,4.8476451902,1.6938822582,Iris-versicolor
6.8447451154,3.2569830328,4.8146026118,1.6442316678,Iris-versicolor
6.8299702521,3.2226737903,4.8137222487,1.6783235497,Iris-versicolor
6.8534505296,3.2343621011,4.8792024755,1.645837764,Iris-versicolor
6.4528638919,2.4353899854,4.5585272556,1.4789089881,Iris-versicolor
6.4934469383,2.4561958792,4.5893540227,1.4765258022,Iris-versicolor
6.4122396988,2.442601521,4.5200540943,1.4918353141,Iris-versicolor
6.476939955,2.419656539,4.5779292263,1.4777088536,Iris-versicolor
6.4558423149,2.4668356976,4.5780628966,1.4881903715,Iris-versicolor
6.4232034567,2.4831378322,4.5480642379,1.4055104117,Iris-versicolor
6.4925643394,2.450103678,4.5708240057,1.4146261815,Iris-versicolor
6.4233782435,2.4747253086,4.5617652504,1.4418449282,Iris-versicolor
6.4624755795,2.4680327965,4.5675353048,1.492158309,Iris-versicolor
6.454358808,2.4825577541,4.5346071233,1.4513784097,Iris-versicolor
5.7841712776,3.1919394873,4.2867188262,1.4438860201,Iris-versicolor
5.7484617832,3.1132816995,4.2010592981,1.4786652027,Iris-versicolor
5.792741587,3.1570068733,4.2294559553,1.4036373106,Iris-versicolor
5.739082381,3.1203877362,4.2618335052,1.4331766721,Iris-versicolor
5.7322663321,3.198391485,4.2842051837,1.4840434258,Iris-versicolor
5.7918722274,3.1546762496,4.2671782588,1.4561222952,Iris-versicolor
5.7075524934,3.1229057063,4.2073989806,1.4060126386,Iris-versicolor
5.7807801461,3.1711927975,4.2364322643,1.45981608,Iris-versicolor
5.7505378317,3.1282185732,4.2548749663,1.4818010629,Iris-versicolor
5.7874677073,3.1769374607,4.2429439572,1.4722578171,Iris-versicolor
5.6913615819,2.6521394298,4.107913133,1.407296932,Iris-versicolor
5.670299765,2.6768619616,4.1156556958,1.4196838044,Iris-versicolor
5.632545191,2.6479162894,4.1016707793,1.4917967748,Iris-versicolor
5.6829942254,2.6915109993,4.1855117493,1.4901287728,Iris-versicolor
5.6082160382,2.6820371839,4.1513794169,1.461685716,Iris-versicolor
5.6401962088,2.6241730498,4.1407095386,1.43088645,Iris-versicolor
5.6656838336,2.675643127,4.1911762483,1.4558172858,Iris-versicolor
5.6024325247,2.6650547761,4.1446190365,1.4520768448,Iris-versicolor
5.6582354919,2.6886960105,4.1024630163,1.4620153787,Iris-versicolor
5.6804507928,2.6478778461,4.1932781998,1.4773555994,Iris-versicolor
5.6392326644,2.7467577157,4.5546308075,1.3616857266,Iris-versicolor
5.6495087384,2.799807002,4.5641707003,1.3884078888,Iris-versicolor
5.6287774723,2.7858824671,4.5969131951,1.3755055398,Iris-versicolor
5.6143759333,2.7241192117,4.5433349468,1.3995616233,Iris-versicolor
5.6164358238,2.7582914231,4.5324745358,1.3842894267,Iris-versicolor
5.6088046574,2.7844654657,4.5648454154,1.3949347536,Iris-versicolor
5.6973996114,2.7665222778,4.5026416283,1.3175904165,Iris-versicolor
5.6054608442,2.7528394406,4.5639310371,1.3229897864,Iris-versicolor
5.6576194631,2.7138546458,4.5811622331,1.3546477335,Iris-versicolor
5.6832188528,2.7724674958,4.5925550878,1.3438766047,Iris-versicolor
6.2296914742,3.1142056361,4.7312158933,1.5115965106,Iris-versicolor
6.2185155838,3.1863795225,4.7422415933,1.5709346081,Iris-versicolor
6.2236346343,3.1384109826,4.7595507219,1.5764894262,Iris-versicolor
6.2094697359,3.1871918729,4.7376510079,1.5544004903,Iris-versicolor
6.2186023627,3.1375940821,4.7308941524,1.5256760887,Iris-versicolor
6.2836888737,3.1767730969,4.7511457705,1.5437013313,Iris-versicolor
6.2303885182,3.198959089,4.7171772955,1.552187453,Iris-versicolor
6.2426097642,3.1257124701,4.7992870585,1.510087321,Iris-versicolor
6.2123293414,3.133616763,4.7315151053,1.5892033546,Iris-versicolor
6.2861015851,3.1401030233,4.7916810184,1.5259213769,Iris-versicolor
5.9577645083,2.7125469632,4.1406640764,1.3494727914,Iris-versicolor
5.9525780016,2.7833954897,4.1367884972,1.3416339887,Iris-versicolor
5.9265165496,2.7317411153,4.1585117231,1.3346739698,Iris-versicolor
5.9868581818,2.7792992225,4.1005431101,1.3475282965,Iris-versicolor
5.9381500518,2.7881546476,4.1621780467,1.3559700893,Iris-versicolor
5.9672224132,2.7636383682,4.1426000783,1.3498551198,Iris-versicolor
5.9726734448,2.7259072166,4.1877951345,1.30788229,Iris-versicolor
5.9717529307,2.7430123307,4.1398623247,1.3378204081,Iris-versicolor
5.9885774562,2.7990494973,4.1230382431,1.3591065352,Iris-versicolor
5.9338639747,2.7533297409,4.1875354428,1.3700774782,Iris-versicolor
5.1035563021,2.4332998353,3.4215480233,1.1524118983,Iris-versicolor
5.1539635793,2.4940048382,3.4365001504,1.1061153992,Iris-versicolor
5.1864881198,2.4981257672,3.4192323522,1.1878062166,Iris-versicolor
5.1231889256,2.4837345297,3.4592616446,1.183935026,Iris-versicolor
5.1177478315,2.4400597526,3.4321001548,1.1495498854,Iris-versicolor
5.1336512037,2.4865931146,3.4719931114,1.192006573,Iris-versicolor
5.1949130459,2.4454400635,3.4509486995,1.1451530921,Iris-versicolor
5.1712660905,2.4213801257,3.4835050191,1.1567364519,Iris-versicolor
5.1255347705,2.423527476,3.4863376295,1.1211293813,Iris-versicolor
5.1465011787,2.4001958269,3.4514167469,1.1518384721,Iris-versicolor
5.7205117519,2.8575561456,4.3842439673,1.4727876442,Iris-versicolor
5.7544408003,2.8608623961,4.3048095997,1.4755235046,Iris-versicolor
5.7621026151,2.8404845077,4.3385919977,1.4245908907,Iris-versicolor
5.7724987947,2.8958727945,4.3497609089,1.4789636211,Iris-versicolor
5.7516504195,2.8453637728,4.3615770655,1.47563525,Iris-versicolor
5.7613352309,2.8277776862,4.302614486,1.4273499211,Iris-versicolor
5.7560788409,2.8668112038,4.340414084,1.4705866311,Iris-versicolor
5.7951995141,2.8890408341,4.3484791396,1.4703135632,Iris-versicolor
5.7064284338,2.8865242772,4.3649252384,1.4501187432,Iris-versicolor
5.7993693237,2.8728864916,4.3758586941,1.4019391883,Iris-versicolor
5.8379832739,3.105377127,4.3656152158,1.3823006449,Iris-versicolor
5.8481661558,3.1924120031,4.3287254433,1.3392402111,Iris-versicolor
5.8851020414,3.1663236002,4.3422627859,1.35319281,Iris-versicolor
5.8649662257,3.1534392108,4.3895198185,1.3339357157,Iris-versicolor
5.8539082123,3.1179026979,4.3520302912,1.3729765622,Iris-versicolor
5.871596943,3.1791632522,4.3584461539,1.3948593231,Iris-versicolor
5.8718124204,3.1376490344,4.3358263209,1.3148611257,Iris-versicolor
5.8514220669,3.1822590185,4.3361394785,1.3777841504,Iris-versicolor
5.8893816651,3.1611716019,4.3252963036,1.3757780008,Iris-versicolor
5.8107015489,3.1484841345,4.3916064442,1.3328075345,Iris-versicolor
5.8636393153,3.0005997026,4.3471083457,1.4699569272,Iris-versicolor
5.8123326058,3.0179342238,4.3996178392,1.4320241311,Iris-versicolor
5.8117697308,3.0225300452,4.3977096902,1.460923919,Iris-versicolor
5.8954266526,3.03650067,4.3111542088,1.4139392989,Iris-versicolor
5.8210104095,3.0865635632,4.3868111759,1.4196057232,Iris-versicolor
5.8038546372,3.0568509097,4.3286071959,1.4851569591,Iris-versicolor
5.8941335251,3.0274105811,4.310702086,1.4953030447,Iris-versicolor
5.8156806513,3.0612615914,4.3319084522,1.4547808886,Iris-versicolor
5.8362207343,3.0194115473,4.3842264299,1.4994202214,Iris-versicolor
5.8296931864,3.0793772387,4.3228758276,1.4475232734,Iris-versicolor
6.3779761194,3.0373208234,4.4415721265,1.4728313349,Iris-versicolor
6.397072082,3.0524639695,4.4230960455,1.451142089,Iris-versicolor
6.3846543939,3.0410008355,4.4084872353,1.4819892442,Iris-versicolor
6.3275260445,3.02644169,4.4432911093,1.4640965188,Iris-versicolor
6.3203358813,3.0306214823,4.4968205021,1.4382830461,Iris-versicolor
6.383300161,3.0871848655,4.4573194407,1.4113142088,Iris-versicolor
6.3690438173,3.046930141,4.4628844599,1.4954551773,Iris-versicolor
6.3341953931,3.0776317692,4.4153844377,1.4762982334,Iris-versicolor
6.3672956415,3.0287719454,4.4955282378,1.4722773834,Iris-versicolor
6.3485913484,3.0817322754,4.4305679817,1.4224879608,Iris-versicolor
5.2815686375,2.6236341271,3.1857902865,1.2367134558,Iris-versicolor
5.2343911259,2.6927389407,3.1907184156,1.2047794826,Iris-versicolor
5.2412912505,2.6682174721,3.1500215736,1.280473608,Iris-versicolor
5.24257832,2.6223301128,3.1967060115,1.289712352,Iris-versicolor
5.2055340217,2.6097440874,3.1913687443,1.249951141,Iris-versicolor
5.2275500791,2.6873330982,3.140616889,1.2724689825,Iris-versicolor
5.2551123151,2.6106955574,3.1149203161,1.2478362724,Iris-versicolor
5.2695428725,2.6642203597,3.1034196456,1.2489529073,Iris-versicolor
5.2768114983,2.6067193624,3.1382868687,1.2736143744,Iris-versicolor
5.2111117226,2.6981047368,3.1815138847,1.2755011926,Iris-versicolor
5.8429485779,2.9564265759,4.2244700185,1.4038011595,Iris-versicolor
5.8841474098,2.9563378102,4.2327026415,1.4794094204,Iris-versicolor
5.8113926413,2.9035905726,4.2859651255,1.4515956868,Iris-versicolor
5.857615795,2.9004381039,4.2384158592,1.4050678144,Iris-versicolor
5.8644803684,2.955198057,4.2287186127,1.4734358277,Iris-versicolor
5.8596591005,2.983690873,4.2456124842,1.4166137052,Iris-versicolor
5.8847121653,2.989614598,4.2644869147,1.4267916256,Iris-versicolor
5.840847878,2.9827519809,4.2455518012,1.4244612368,Iris-versicolor
5.8975934834,2.9218081627,4.2196282265,1.4000569435,Iris-versicolor
5.8729242047,2.9276478377,4.2696368653,1.4466756945,Iris-versicolor
6.4320379574,3.4038381714,6.1918431512,2.6052573399,Iris-virginica
6.4534283742,3.4184868687,6.1303166837,2.6275133159,Iris-virginica
6.4461202714,3.4695098814,6.1483678898,2.6473713964,Iris-virginica
6.4822464341,3.4292290667,6.102722588,2.6653603616,Iris-virginica
6.420519968,3.4599935236,6.1007909438,2.6259375623,Iris-virginica
6.4267078707,3.4481104774,6.1892644002,2.6352853922,Iris-virginica
6.4065658245,3.4475850469,6.1077392418,2.6354702632,Iris-virginica
6.4923180932,3.454099617,6.1434430518,2.6388400065,Iris-virginica
6.4318350847,3.4570946213,6.145361386,2.6994555291,Iris-virginica
6.4313370373,3.4595578668,6.1853030908,2.6189456571,Iris-virginica
5.9394191905,2.8306291595,5.2396471324,2.0263605752,Iris-virginica
5.9314939136,2.8364080028,5.223688493,2.0285049655,Iris-virginica
5.9068509661,2.8966148441,5.2751152237,2.0669590863,Iris-virginica
5.9226946214,2.8894030868,5.2812926134,2.0707328511,Iris-virginica
5.929561371,2.8677113152,5.2848585328,2.0612856266,Iris-virginica
5.9661125499,2.8688195965,5.26957509,2.0383704159,Iris-virginica
5.9635542502,2.8722660049,5.200175132,2.0697983721,Iris-virginica
5.9440495125,2.8768648658,5.258455075,2.0351261408,Iris-virginica
5.9625899607,2.8602287481,5.2516822804,2.0942184245,Iris-virginica
5.9553049198,2.8014514918,5.238857308,2.051530372,Iris-virginica
7.2984814221,3.1093904534,6.062469915,2.2849678664,Iris-virginica
7.294855313,3.1373550279,6.0945438809,2.2051687304,Iris-virginica
7.2518158249,3.1736366925,6.0593385144,2.2236179303,Iris-virginica
7.2201692306,3.1986190069,6.011565564,2.2022781174,Iris-virginica
7.2076656372,3.1353184918,6.0882376866,2.2320847816,Iris-virginica
7.218671751,3.1545641209,6.0080118203,2.2728178822,Iris-virginica
7.2610140231,3.1932213775,6.0721378526,2.2185833133,Iris-virginica
7.2796110147,3.1999482248,6.024983908,2.2247098368,Iris-virginica
7.286047504,3.1802176871,6.0861463745,2.2851517473,Iris-virginica
7.2126721674,3.1164242211,6.0119415515,2.2085885178,Iris-virginica
6.4838111525,3.0580264683,5.7809510019,1.9692836797,Iris-virginica
6.4924479706,3.0307445043,5.7601475969,1.9731314715,Iris-virginica
6.402838108,3.0265257792,5.7820081638,1.9336676794,Iris-virginica
6.4927702333,3.0842634831,5.7101539148,1.9336001474,Iris-virginica
6.4292840517,3.0531354632,5.7933905712,1.9494213494,Iris-virginica
6.4840214894,3.0800059237,5.7840770543,1.9056667686,Iris-virginica
6.4161131243,3.0326909397,5.7706890988,1.9690150782,Iris-virginica
6.4300095118,3.0448313673,5.7937704987,1.914795329,Iris-virginica
6.4838136743,3.0915866151,5.7134436414,1.9542676013,Iris-virginica
6.4472624295,3.0623904803,5.7504784078,1.9906166263,Iris-virginica
6.6109182859,3.1019506318,5.9782479294,2.3118478178,Iris-virginica
6.6013768416,3.1615497665,5.9844082375,2.3668933089,Iris-virginica
6.6206438289,3.1178228135,5.9380355445,2.3634875431,Iris-virginica
6.6524939043,3.1692333366,5.9565552508,2.356353847,Iris-virginica
6.6239685073,3.1114886937,5.9569526235,2.3595605372,Iris-virginica
6.6616860335,3.1481949474,5.9140429552,2.3302338556,Iris-virginica
6.603623362,3.1786095832,5.9971629914,2.3049548371,Iris-virginica
6.6014492801,3.1418924431,5.9442680552,2.359520534,Iris-virginica
6.6632850947,3.1603562318,5.9404909116,2.3962171572,Iris-virginica
6.6261073121,3.164844415,5.9296831676,2.3241885166,Iris-virginica
7.7333937031,3.176490146,6.7767324269,2.2871512057,Iris-virginica
7.7649602145,3.1016827148,6.7610158069,2.267162466,Iris-virginica
7.7617206573,3.1219800519,6.7625970726,2.2748297036,Iris-virginica
7.7019374108,3.1723019271,6.7282405014,2.2477516775,Iris-virginica
7.7883859788,3.1236905502,6.7901016381,2.2563619443,Iris-virginica
7.7290443418,3.1910469505,6.712858194,2.2489018956,Iris-virginica
7.7098206607,3.1104900011,6.7749192739,2.2393340809,Iris-virginica
7.7794444926,3.1113979845,6.7595812326,2.2926397586,Iris-virginica
7.7807533375,3.154363626,6.7582165059,2.2240569956,Iris-virginica
7.7949437273,3.1050930459,6.76266714,2.2318331745,Iris-virginica
5.0918747701,2.6751346967,4.6323487997,1.8985661032,Iris-virginica
5.0816140022,2.6725665484,4.6747629149,1.8805001235,Iris-virginica
5.0328791518,2.6523480562,4.6377257782,1.8562617587,Iris-virginica
5.0175155453,2.6674531939,4.6451742528,1.8321033082,Iris-virginica
5.0548508333,2.6073792832,4.614123593,1.899181938,Iris-virginica
5.0452021216,2.6369154176,4.6957432995,1.8318721606,Iris-virginica
5.0729609753,2.6367795956,4.6646685705,1.8581449811,Iris-virginica
5.0450146005,2.6891179257,4.6719081048,1.8385475222,Iris-virginica
5.0396921019,2.6753841488,4.6296231001,1.8939676708,Iris-virginica
5.0537784644,2.6320656301,4.6768316632,1.8340758481,Iris-virginica
7.4058508066,3.001734431,6.4358979782,1.9833449596,Iris-virginica
7.4508969982,3.0258032079,6.4816600531,1.9027003386,Iris-virginica
7.4353528186,3.0711657186,6.4922981009,1.9891248652,Iris-virginica
7.4290733243,3.0946000987,6.4508372784,1.9135864374,Iris-virginica
7.4765837369,3.0812597642,6.4431065324,1.983642372,Iris-virginica
7.4337495222,3.0872615125,6.4153319922,1.9799255451,Iris-virginica
7.4552199286,3.0924202637,6.4372147096,1.9293454446,Iris-virginica
7.4740784429,3.050817032,6.4609749776,1.9957776189,Iris-virginica
7.4259042017,3.0144643803,6.4107278502,1.9297244595,Iris-virginica
7.4078914863,3.0470096683,6.4252836358,1.9466130041,Iris-virginica
6.8912261623,2.6841815616,5.9204922668,1.9453281315,Iris-virginica
6.8261957066,2.6747110369,5.9205990447,1.9521236895,Iris-virginica
6.8292043934,2.6872250138,5.9412820974,1.9521255376,Iris-virginica
6.8263340098,2.672051751,5.9729187576,1.9907189455,Iris-virginica
6.8110449737,2.661774874,5.9970835559,1.910033332,Iris-virginica
6.8990050602,2.6758853717,5.9149841876,1.931682931,Iris-virginica
6.8889063176,2.6998665667,5.9282907932,1.9287451452,Iris-virginica
6.8061231554,2.6387444491,5.9537253038,1.9977174253,Iris-virginica
6.8197724543,2.6595247207,5.9093901385,1.9058322805,Iris-virginica
6.8836530348,2.6187231021,5.9262108091,1.9495747531,Iris-virginica
7.3365698045,3.7123308405,6.2997232261,2.6885888877,Iris-virginica
7.3570621029,3.7935065154,6.2573293974,2.6941436834,Iris-virginica
7.3719444626,3.7303377672,6.2109259784,2.6628185111,Iris-virginica
7.3860607605,3.7839824379,6.228562808,2.6688711335,Iris-virginica
7.3045090625,3.725262589,6.2040542809,2.6261295349,Iris-virginica
7.386765556,3.7823816276,6.2863818833,2.6551012288,Iris-virginica
7.3394121836,3.726297741,6.2692552066,2.6713487388,Iris-virginica
7.3646736331,3.7030295292,6.2238220987,2.6294356235,Iris-virginica
7.3281888068,3.7961387224,6.2478113486,2.6445447891,Iris-virginica
7.30641336,3.7980377892,6.2473471997,2.6021498705,Iris-virginica
6.6820380622,3.3027880742,5.2858391441,2.1982308406,Iris-virginica
6.6537640367,3.32779473,5.2994111989,2.1779646355,Iris-virginica
6.6501520502,3.3263229925,5.218804019,2.1896051345,Iris-virginica
6.661196447,3.3048542891,5.2728800746,2.1344901908,Iris-virginica
6.660773837,3.3177678158,5.2779896112,2.1530124441,Iris-virginica
6.6493463348,3.311744608,5.2693184289,2.1936296869,Iris-virginica
6.6774945984,3.34361802,5.2320138338,2.1792771156,Iris-virginica
6.644453677,3.3417828246,5.2431198707,2.1753468847,Iris-virginica
6.6367735027,3.3011130087,5.222774372,2.138233729,Iris-virginica
6.6295462936,3.3077867348,5.2681024738,2.1479117867,Iris-virginica
6.5327423618,2.8304806201,5.4264895857,2.0804287385,Iris-virginica
6.5789592535,2.8318892934,5.4762189653,2.0488958273,Iris-virginica
6.5557733885,2.8008532912,5.4472747805,2.0005300744,Iris-virginica
6.5250204628,2.8408899668,5.4689840692,2.0550745626,Iris-virginica
6.5354549773,2.8896295691,5.49819695,2.0940547961,Iris-virginica
6.5815171796,2.852830142,5.4278065334,2.0941893074,Iris-virginica
6.5299011985,2.8205875875,5.454376906,2.0381442233,Iris-virginica
6.5925064987,2.8872884384,5.4920797262,2.0996480772,Iris-virginica
6.5724112689,2.8794376419,5.4289842621,2.0135655887,Iris-virginica
6.5066001514,2.8998608591,5.4746805378,2.0791611783,Iris-virginica
6.9245171421,3.1814509463,5.6218738972,2.2531224086,Iris-virginica
6.9168275944,3.1629088326,5.6187953176,2.2389181192,Iris-virginica
6.9975782909,3.1485985675,5.6446435121,2.2902464435,Iris-virginica
6.9084281396,3.1700924241,5.6118302654,2.2880212097,Iris-virginica
6.9354631192,3.1050753918,5.6522318694,2.267454577,Iris-virginica
6.9872649607,3.1155615241,5.6540733914,2.2564309949,Iris-virginica
6.9092265483,3.1773090543,5.6813146595,2.2468245875,Iris-virginica
6.9335336358,3.1285557759,5.6590753599,2.2437419048,Iris-virginica
6.9818795961,3.1817542671,5.6009882191,2.2355142373,Iris-virginica
6.9530937237,3.1635924437,5.6795574983,2.2268656053,Iris-virginica
5.8555523735,2.6833418344,5.1903272989,2.1443904538,Iris-virginica
5.8947405978,2.6608680741,5.1992750934,2.1174547949,Iris-virginica
5.878951502,2.602414381,5.1304856548,2.1026608462,Iris-virginica
5.8250230067,2.6902468239,5.1598991821,2.1419777392,Iris-virginica
5.8732636076,2.6031385813,5.1904924917,2.1515813068,Iris-virginica
5.8926030101,2.6860793434,5.1650732043,2.1690681841,Iris-virginica
5.8559212761,2.6504854517,5.1843838579,2.1624227512,Iris-virginica
5.8082970135,2.6106362049,5.1997049029,2.1630142539,Iris-virginica
5.804274105,2.6628760707,5.1371569949,2.1785107157,Iris-virginica
5.8503468481,2.6624795586,5.1259955754,2.1606403857,Iris-virginica
5.9863047895,2.9248862492,5.2035359462,2.5267508532,Iris-virginica
5.9745630757,2.9759995708,5.249789681,2.5928083484,Iris-virginica
5.9092019793,2.9571958723,5.26698596,2.5188486696,Iris-virginica
5.9917913408,2.9008684811,5.2831838837,2.5304440015,Iris-virginica
5.9449779081,2.9119456089,5.296348803,2.582157725,Iris-virginica
5.9361119265,2.9229608471,5.2412820845,2.5042031852,Iris-virginica
5.9134165552,2.9336942962,5.2134071828,2.5128631951,Iris-virginica
5.9211480425,2.9738976091,5.2028928223,2.5144409483,Iris-virginica
5.9290126945,2.9374910171,5.2791826803,2.5980516108,Iris-virginica
5.9671956611,2.9510686039,5.2342155595,2.5396279855,Iris-virginica
6.5588348986,3.3177234306,5.4577901363,2.4147366846,Iris-virginica
6.5297754686,3.3028327502,5.4709741143,2.4564080913,Iris-virginica
6.5813933102,3.3815036279,5.4322170512,2.4742909648,Iris-virginica
6.5551014855,3.3880794432,5.468930737,2.4336159725,Iris-virginica
6.5857919275,3.3424845942,5.4550537409,2.4377138368,Iris-virginica
6.5695564092,3.3903816678,5.4614893178,2.4613646703,Iris-virginica
6.5030928545,3.3544018166,5.4800653342,2.4124911785,Iris-virginica
6.5054349764,3.3465410857,5.439424798,2.4787014724,Iris-virginica
6.5338755279,3.3616322947,5.4251096158,2.456353644,Iris-virginica
6.5187700601,3.3797249234,5.4130333869,2.4569417011,Iris-virginica
6.6339142925,3.1175656329,5.6250911425,1.9629465429,Iris-virginica
6.6987459123,3.1580898699,5.634768172,1.900102524,Iris-virginica
6.6021830674,3.1247155074,5.696058025,1.9079838558,Iris-virginica
6.6529068251,3.1412504698,5.6955350625,1.9027549102,Iris-virginica
6.6208167673,3.1108319321,5.6651279827,1.9425376069,Iris-virginica
6.6134054108,3.1933732093,5.6006653667,1.9776900836,Iris-virginica
6.6204120728,3.1350739063,5.6440208625,1.9345865413,Iris-virginica
6.6000851206,3.1807083445,5.6601101848,1.9609047251,Iris-virginica
6.6646303778,3.199238192,5.610232338,1.9574347154,Iris-virginica
6.622479595,3.1670074692,5.6829667519,1.9004596672,Iris-virginica
7.8767327271,3.9867849227,6.851807639,2.3591039523,Iris-virginica
7.8611771769,3.9224060905,6.8142832048,2.3329946306,Iris-virginica
7.8540314816,3.9613106632,6.8846537063,2.3920742007,Iris-virginica
7.8851649963,3.9293343427,6.8973603052,2.3731952131,Iris-virginica
7.8042431502,3.9441419671,6.8884668706,2.3955159773,Iris-virginica
7.8701181209,3.9226609146,6.8771312938,2.3493221792,Iris-virginica
7.8191798384,3.9433830409,6.8527154949,2.3111725489,Iris-virginica
7.8258921918,3.9589499148,6.8470388819,2.3738641461,Iris-virginica
7.8553872794,3.9636616992,6.8883683064,2.3349523343,Iris-virginica
7.818099062,3.9876661199,6.8453265389,2.3217770959,Iris-virginica
7.8972623654,2.7829227024,7.0577626994,2.4617077103,Iris-virginica
7.8211015917,2.7433241505,7.0009800654,2.4306737172,Iris-virginica
7.8736616868,2.7647191654,7.0160900164,2.4726286186,Iris-virginica
7.8002687518,2.7763178784,7.0315106478,2.4513458118,Iris-virginica
7.890811448,2.7856469214,7.0665032219,2.4458538897,Iris-virginica
7.8218523679,2.7802700343,7.0605958733,2.4142714922,Iris-virginica
7.8745569843,2.7846310311,7.0646391899,2.4151123714,Iris-virginica
7.8631184131,2.7019910244,7.0385721663,2.4833019753,Iris-virginica
7.8503108489,2.7783300101,7.0661210645,2.4523258218,Iris-virginica
7.8852468393,2.7906817819,7.0122478519,2.4487758539,Iris-virginica
6.175605819,2.3255622467,5.1269389778,1.6096818949,Iris-virginica
6.146577952,2.332143653,5.1227868518,1.6913287452,Iris-virginica
6.1190624861,2.3774964233,5.1813491483,1.6623756972,Iris-virginica
6.1782665326,2.3066572816,5.1004997041,1.6143945391,Iris-virginica
6.1112802457,2.3377386791,5.1957816696,1.6238955434,Iris-virginica
6.1329556385,2.306504188,5.1677394043,1.6953221328,Iris-virginica
6.1827301553,2.3811468477,5.1013302435,1.647601436,Iris-virginica
6.1292468,2.365887866,5.196546674,1.6002107118,Iris-virginica
6.1164736589,2.3452039572,5.1010029504,1.6103394564,Iris-virginica
6.1321745231,2.3728465953,5.1082648398,1.6518860908,Iris-virginica
7.0566242341,3.3104634466,5.855281081,2.461462279,Iris-virginica
7.0521840436,3.3620296381,5.8588278026,2.4701893364,Iris-virginica
7.0734481952,3.3883864723,5.8943221289,2.4629724816,Iris-virginica
7.0669074044,3.3289384939,5.8126977426,2.4660878591,Iris-virginica
7.095191631,3.3291038869,5.8392268055,2.4234881347,Iris-virginica
7.0073593554,3.3270535601,5.8376105171,2.4457340661,Iris-virginica
7.0106113954,3.3690794771,5.8086735152,2.4269694577,Iris-virginica
7.0588881138,3.3892009902,5.8590043458,2.4584630697,Iris-virginica
7.0262100726,3.3559894224,5.8493315055,2.409255117,Iris-virginica
7.0196204816,3.3877689426,5.8622955201,2.4908557104,Iris-virginica
5.7159487675,2.9622817702,5.0566546057,2.1676998755,Iris-virginica
5.7762411588,2.9126912788,5.0742848571,2.1231095125,Iris-virginica
5.7400002612,2.9053486228,5.0429748001,2.1857673068,Iris-virginica
5.7217057095,2.9380556196,5.0829907071,2.1760689641,Iris-virginica
5.7857791076,2.9035405018,5.0564334856,2.1637738671,Iris-virginica
5.7055176011,2.9516511373,5.0585692066,2.1214353808,Iris-virginica
5.76727647,2.9392834402,5.0918203234,2.1375387471,Iris-virginica
5.7160310374,2.9716547716,5.0626637163,2.1343717058,Iris-virginica
5.7223167928,2.9570445636,5.0904501185,2.1265378119,Iris-virginica
5.7294392089,2.9587869602,5.0279573243,2.154453822,Iris-virginica
7.8265193169,2.931083878,6.8149819437,2.1130680505,Iris-virginica
7.8755497024,2.9089473704,6.854558148,2.1342028799,Iris-virginica
7.8185258053,2.9207725888,6.8413375564,2.1251319882,Iris-virginica
7.8278531721,2.9072836941,6.8862688352,2.1586644624,Iris-virginica
7.8752035346,2.9654144043,6.8161065713,2.1405063837,Iris-virginica
7.8580364244,2.9050633314,6.8381388956,2.1511550908,Iris-virginica
7.8943835989,2.9849908356,6.8153965322,2.1771975751,Iris-virginica
7.8497126245,2.9930954665,6.801807171,2.1421303097,Iris-virginica
7.8554217878,2.9021612654,6.8264658724,2.147589388,Iris-virginica
7.8146483617,2.9220142054,6.8694792263,2.1987343991,Iris-virginica
6.4268128867,2.8805801496,5.0940269831,1.9292920684,Iris-virginica
6.4883350242,2.8417338225,5.0813005411,1.9908614434,Iris-virginica
6.4737195282,2.8615783957,5.0251795045,1.9632034858,Iris-virginica
6.4561538384,2.8517507418,5.0485084425,1.9650073546,Iris-virginica
6.4561614005,2.875529035,5.006179354,1.9297963558,Iris-virginica
6.4706158808,2.8459263686,5.0162778573,1.9811709976,Iris-virginica
6.4528847275,2.8705409845,5.0213102277,1.9318490491,Iris-virginica
6.47503138,2.8426556689,5.0909931121,1.9181460659,Iris-virginica
6.4442734459,2.8568673766,5.0357596204,1.9313972655,Iris-virginica
6.4843706854,2.8938765632,5.0120504886,1.9421457396,Iris-virginica
6.8674981507,3.4949041198,5.8302788898,2.2541119827,Iris-virginica
6.8761502167,3.4427748033,5.854003672,2.2947840444,Iris-virginica
6.8031315656,3.4742308555,5.8835492069,2.2580575284,Iris-virginica
6.8144127918,3.4217735715,5.8802215202,2.2637871695,Iris-virginica
6.8636690817,3.4200447451,5.8467288284,2.2972946857,Iris-virginica
6.8952336899,3.415375945,5.8569421745,2.2106394461,Iris-virginica
6.8259681865,3.4436597961,5.8830875167,2.2045752226,Iris-virginica
6.8308394793,3.4633766629,5.8959538834,2.2708035479,Iris-virginica
6.8037562555,3.4224869074,5.8492476901,2.2068018374,Iris-virginica
6.8568557276,3.4201712342,5.8301748444,2.2260005546,Iris-virginica
7.3625516703,3.36782076,6.1158402742,1.930044502,Iris-virginica
7.3410648409,3.3135648227,6.1180865421,1.9579237945,Iris-virginica
7.36702954,3.3918857167,6.1043589999,1.9655535751,Iris-virginica
7.3097982273,3.3166584156,6.1471934317,1.9516761132,Iris-virginica
7.3144621117,3.3696063805,6.1682153317,1.9922990055,Iris-virginica
7.3884825611,3.3116136168,6.1960525635,1.9014963379,Iris-virginica
7.3837451184,3.3601855304,6.1587961899,1.9370770687,Iris-virginica
7.3980019523,3.3138338943,6.1138384959,1.998257059,Iris-virginica
7.3016026195,3.3425175322,6.1811157017,1.9790710039,Iris-virginica
7.3453675768,3.3906723948,6.1720939128,1.924632533,Iris-virginica
6.394913259,2.9873839972,4.9991265009,1.9879985562,Iris-virginica
6.3987892297,2.9359070514,4.9021198212,1.9780235883,Iris-virginica
6.3336878336,2.9644228543,4.95110342,1.9080723326,Iris-virginica
6.3767097719,2.9771174369,4.9669899138,1.983467521,Iris-virginica
6.306213194,2.9250753426,4.9664630125,1.988355152,Iris-virginica
6.3921873401,2.9013288104,4.9551651713,1.9722669382,Iris-virginica
6.3540648782,2.9552527521,4.9786118217,1.9040914415,Iris-virginica
6.3782165547,2.9606213148,4.9585046452,1.9429026969,Iris-virginica
6.3000394813,2.9501175113,4.9156368921,1.998856575,Iris-virginica
6.3033752314,2.9686391551,4.9905805173,1.9645994024,Iris-virginica
6.2962793503,3.1708612211,5.0451822231,1.9540831459,Iris-virginica
6.2325748052,3.1970240605,5.0184204999,1.9310215011,Iris-virginica
6.2811402587,3.1682060127,5.0823353669,1.9718159311,Iris-virginica
6.2596797336,3.1515369839,5.0687494011,1.9000040015,Iris-virginica
6.2210153242,3.1151610523,5.0645128621,1.9901343267,Iris-virginica
6.2440252376,3.153923129,5.0956602923,1.95529149,Iris-virginica
6.246465867,3.1249418192,5.059868287,1.9642510391,Iris-virginica
6.2357601887,3.128841627,5.0702353483,1.9648290679,Iris-virginica
6.2303735066,3.1720123493,5.0914622423,1.9364407156,Iris-virginica
6.2097842188,3.1681966224,5.0235813528,1.9103772723,Iris-virginica
6.569261557,2.9428129568,5.7362006619,2.2999988797,Iris-virginica
6.5625041559,2.9725919315,5.7356585936,2.2673575649,Iris-virginica
6.5629539061,2.993385785,5.7554671767,2.2217666022,Iris-virginica
6.5160498955,2.9749852439,5.7541599643,2.2896743667,Iris-virginica
6.5311979923,2.9206252883,5.726180841,2.2306777292,Iris-virginica
6.543467768,2.9926204254,5.7138288211,2.2313294693,Iris-virginica
6.5269140233,2.9636776884,5.7245888227,2.2547050458,Iris-virginica
6.5459836055,2.980709829,5.79681613,2.2308588599,Iris-virginica
6.5332652916,2.9256525906,5.7858200506,2.2042479798,Iris-virginica
6.5917779052,2.9592150738,5.7039696856,2.200354445,Iris-virginica
7.3375782605,3.1754117265,5.9844580473,1.7215944252,Iris-virginica
7.3462759359,3.1695645979,5.9306430631,1.7834189613,Iris-virginica
7.3734865811,3.1296104311,5.9457886872,1.7239612871,Iris-virginica
7.3651272769,3.1687096654,5.9258119309,1.7702400669,Iris-virginica
7.3994868759,3.1040502103,5.9925257672,1.7098725538,Iris-virginica
7.3211361436,3.1579865096,5.9597598276,1.7574566318,Iris-virginica
7.3678510685,3.1838964106,5.9874515709,1.7304540305,Iris-virginica
7.3495150559,3.1398190905,5.9158189619,1.7653643645,Iris-virginica
7.3551375701,3.1224335865,5.9974751421,1.7722440786,Iris-virginica
7.3596419211,3.159084804,5.9115025932,1.7217120315,Iris-virginica
7.5349830205,2.9682726515,6.2799762408,2.0467099295,Iris-virginica
7.5790803124,2.9156491174,6.2813135718,2.0661624883,Iris-virginica
7.5751424277,2.9167035247,6.2334341988,2.0190939795,Iris-virginica
7.5526454691,2.9995648242,6.2133067539,2.0711084861,Iris-virginica
7.5893455659,2.953404362,6.2458414415,2.0762506376,Iris-virginica
7.5626654668,2.9435819351,6.2955385846,2.0765780624,Iris-virginica
7.5514081011,2.9278871799,6.2784254939,2.0614192894,Iris-virginica
7.5167353654,2.9840974772,6.2482963757,2.0838150256,Iris-virginica
7.5493184605,2.9074212872,6.2127789755,2.0461045885,Iris-virginica
7.5302912721,2.9851808227,6.2507744758,2.0416483958,Iris-virginica
8.0663525616,3.9742977186,6.5416123703,2.1425848571,Iris-virginica
8.082139692,3.9096860361,6.5515459552,2.1270571233,Iris-virginica
8.0314567416,3.9758864519,6.5143976846,2.1936307893,Iris-virginica
8.0522407042,3.9857150898,6.5451505973,2.1585306394,Iris-virginica
8.0902489478,3.9690547009,6.5795960952,2.143750176,Iris-virginica
8.0443075242,3.9159618355,6.5923503513,2.109762697,Iris-virginica
8.0780551804,3.9835358654,6.5282556322,2.1533608873,Iris-virginica
8.0481872518,3.943168274,6.5233658663,2.1536299126,Iris-virginica
8.0419882866,3.937733588,6.506770975,2.1102247578,Iris-virginica
8.022331533,3.931690541,6.5112160527,2.1438880382,Iris-virginica
6.5773178257,2.9288782345,5.788902399,2.3325274838,Iris-virginica
6.532688856,2.9281231251,5.7798034695,2.3030152735,Iris-virginica
6.5758319418,2.9012055371,5.7280236237,2.3570260733,Iris-virginica
6.5252465217,2.9620596391,5.7385912101,2.3622212737,Iris-virginica
6.5205864164,2.9523631984,5.7394233532,2.3017755477,Iris-virginica
6.5305812591,2.9957285704,5.7325745403,2.3394425545,Iris-virginica
6.5992150289,2.9739133879,5.7711217091,2.3905696102,Iris-virginica
6.5796109144,2.9424040455,5.7506412477,2.3324461793,Iris-virginica
6.5131781404,2.995591038,5.7486785636,2.3291318461,Iris-virginica
6.5614601348,2.9906049033,5.7799763422,2.3527615526,Iris-virginica
6.4243740902,2.963552718,5.2358623856,1.6905636687,Iris-virginica
6.4951454741,2.9640370858,5.2540833844,1.6725573738,Iris-virginica
6.4887245144,2.9988132546,5.2897321109,1.6983406922,Iris-virginica
6.4907149109,2.9350364485,5.2884969979,1.6524284376,Iris-virginica
6.4370813731,2.9780157849,5.2068802274,1.6735778093,Iris-virginica
6.4610434758,2.9586639321,5.218645679,1.6655341405,Iris-virginica
6.4563134016,2.9151062433,5.2242968226,1.6597400712,Iris-virginica
6.4109452395,2.9775677667,5.2596939854,1.6225729856,Iris-virginica
6.4203581308,2.9078132654,5.2708577553,1.6489700916,Iris-virginica
6.4720617658,2.904971952,5.2151825448,1.6809322547,Iris-virginica
6.2203705121,2.7956606219,5.7191549612,1.5965290237,Iris-virginica
6.2362241299,2.7998483054,5.7865123451,1.5908105656,Iris-virginica
6.221444963,2.745292175,5.7258469252,1.5995295558,Iris-virginica
6.2852473293,2.7942327137,5.7790235456,1.5376380162,Iris-virginica
6.2119554393,2.7462147743,5.7119971497,1.542268297,Iris-virginica
6.2981027354,2.7447400927,5.7436628123,1.57138717,Iris-virginica
6.2764406905,2.7141413806,5.7772689668,1.5254124123,Iris-virginica
6.2019555237,2.7682836264,5.7989455122,1.5412057654,Iris-virginica
6.2451537889,2.7025136799,5.7355924637,1.5629654528,Iris-virginica
6.2446244415,2.7152245975,5.7346755379,1.5156762154,Iris-virginica
7.889997918,3.1918372015,6.2624901935,2.4326464183,Iris-virginica
7.8588868794,3.1328600943,6.2418918733,2.4376942139,Iris-virginica
7.8333475897,3.1453738822,6.2062343335,2.4856914488,Iris-virginica
7.8295943319,3.1566646422,6.2521559981,2.4173174582,Iris-virginica
7.8818790858,3.1610312347,6.2182217396,2.4877765921,Iris-virginica
7.8548677038,3.1324217586,6.2308915246,2.4384522194,Iris-virginica
7.831846882,3.1520525869,6.2420529634,2.440426925,Iris-virginica
7.8649171357,3.1881453824,6.2703230761,2.4432177057,Iris-virginica
7.8181532483,3.1525639474,6.253030107,2.4947465151,Iris-virginica
7.8187802098,3.1523021478,6.2468225648,2.4088171965,Iris-virginica
6.4885553588,3.5313145712,5.7279232519,2.5999557966,Iris-virginica
6.4293431859,3.5225485499,5.7654489466,2.5473396423,Iris-virginica
6.422562261,3.5209392948,5.7191635082,2.5339238624,Iris-virginica
6.4899223292,3.5779108776,5.7967036046,2.5334223943,Iris-virginica
6.4739522274,3.5082748273,5.7944119564,2.5934886348,Iris-virginica
6.465666517,3.5890600117,5.7176957654,2.5929535419,Iris-virginica
6.4082585504,3.5346236722,5.7281284482,2.5801267409,Iris-virginica
6.4964688492,3.5059488218,5.7738198032,2.5832979668,Iris-virginica
6.4376283385,3.5000197648,5.7285513149,2.5560559016,Iris-virginica
6.4317818938,3.5500837988,5.7435544835,2.5698603411,Iris-virginica
6.5404141961,3.2977749765,5.6117103518,1.9601902423,Iris-virginica
6.531996641,3.2554266738,5.6329883195,1.9754392043,Iris-virginica
6.5121114622,3.2401962434,5.6569231403,1.9208614786,Iris-virginica
6.5267297109,3.2985594362,5.6267799594,1.9554231792,Iris-virginica
6.5433229743,3.2712401867,5.6739898873,1.9598958313,Iris-virginica
6.5090782114,3.2760999353,5.624171125,1.9904716169,Iris-virginica
6.5387235749,3.2523766877,5.6237089358,1.918854863,Iris-virginica
6.5147835529,3.2239320877,5.6394077286,1.9537616981,Iris-virginica
6.5791759775,3.2713591229,5.6625938302,1.938247626,Iris-virginica
6.5694117202,3.2590589879,5.6205508619,1.9938048321,Iris-virginica
6.103832901,3.1482986627,4.9525585666,1.9883279187,Iris-virginica
6.131689965,3.1185574694,4.9718496403,1.9273058167,Iris-virginica
6.1517884841,3.1744220577,4.9572597137,1.9765417951,Iris-virginica
6.1245145333,3.1143324768,4.9415320731,1.9042158932,Iris-virginica
6.1840237352,3.1241519841,4.9461280061,1.9284950511,Iris-virginica
6.1851502852,3.1527129625,4.9740399828,1.9334658815,Iris-virginica
6.1218783322,3.1179341023,4.9291562429,1.9452263125,Iris-virginica
6.1867153985,3.1352581763,4.9553603361,1.9042897271,Iris-virginica
6.1496393759,3.1649931288,4.9237976177,1.986414371,Iris-virginica
6.1391238601,3.1181551241,4.9987240283,1.9309440095,Iris-virginica
7.0012246348,3.2546143711,5.5733940806,2.2025620702,Iris-virginica
7.0155953781,3.2956663001,5.5702750355,2.2796388163,Iris-virginica
7.0135580116,3.2297546415,5.5290343099,2.2855726959,Iris-virginica
7.0597661428,3.2281463344,5.5197851841,2.2202682891,Iris-virginica
7.0966234363,3.2771538881,5.5353130624,2.2111904003,Iris-virginica
7.0565399606,3.2260843561,5.5372756276,2.290273467,Iris-virginica
7.0303927284,3.2297998932,5.5744326866,2.2400988574,Iris-virginica
7.0566330675,3.2607179902,5.5501117007,2.2775568837,Iris-virginica
7.0044060635,3.2242011968,5.5421266352,2.2465783876,Iris-virginica
7.0541400819,3.2850842197,5.5785939875,2.2937864435,Iris-virginica
6.8167256735,3.2142596807,5.7602818774,2.5061660997,Iris-virginica
6.8247164018,3.2806986417,5.7523524187,2.5191288924,Iris-virginica
6.8138648645,3.2637084623,5.7885888834,2.5139486887,Iris-virginica
6.8187565462,3.2099831733,5.7751941773,2.5690514183,Iris-virginica
6.8275470392,3.2154322898,5.7885392703,2.5075600355,Iris-virginica
6.8203534926,3.2947895914,5.7713317142,2.5902909366,Iris-virginica
6.82439628,3.2661130503,5.7551377576,2.5553917289,Iris-virginica
6.8568184243,3.2744823572,5.7118264602,2.5813336075,Iris-virginica
6.8069480576,3.2240583623,5.7513391609,2.5822590678,Iris-virginica
6.8095718305,3.2741843176,5.7574865551,2.5643718482,Iris-virginica
7.0248070426,3.2834858086,5.2297896791,2.4102876079,Iris-virginica
7.0728438762,3.2645602524,5.2108540089,2.4403560103,Iris-virginica
7.0752880213,3.2189094121,5.2264530135,2.4109020834,Iris-virginica
7.0049892851,3.2366948836,5.2397991759,2.4028254458,Iris-virginica
7.0307686274,3.2251700868,5.2610548999,2.4109949824,Iris-virginica
7.0984718818,3.2536634163,5.2935685168,2.451928595,Iris-virginica
7.0815616755,3.2396690928,5.2308912058,2.4104762853,Iris-virginica
7.0582171064,3.2572100806,5.2910788444,2.4847977715,Iris-virginica
7.0071196358,3.2997352863,5.2185422104,2.4629694879,Iris-virginica
7.0516915088,3.2516963689,5.2865385306,2.4761512824,Iris-virginica
5.9687884326,2.8496784528,5.2191729287,2.0813327517,Iris-virginica
5.9185017599,2.8775193848,5.2955349882,2.0187453909,Iris-virginica
5.9885563518,2.8786223394,5.2040923172,2.0249969582,Iris-virginica
5.941373519,2.8471729025,5.2089726285,2.0639900089,Iris-virginica
5.9823398345,2.8662261086,5.2404424866,2.0748696364,Iris-virginica
5.9045526536,2.8069630986,5.2615713706,2.0133921559,Iris-virginica
5.9141161709,2.8454417543,5.2636682175,2.035079624,Iris-virginica
5.9473572634,2.872964186,5.2655003139,2.0173702669,Iris-virginica
5.9922652731,2.8333255623,5.2924740407,2.0825657147,Iris-virginica
5.911227092,2.8056039836,5.2065177148,2.0167047834,Iris-virginica
6.9855274721,3.3485409586,6.0677058224,2.493548278,Iris-virginica
6.975093783,3.3733882438,6.0725836729,2.44304598,Iris-virginica
6.9533465558,3.3315248289,6.0514850952,2.434856182,Iris-virginica
6.9632713095,3.3368674796,6.039736096,2.4111884563,Iris-virginica
6.942266459,3.3881247232,6.0692156975,2.4313536232,Iris-virginica
6.9255703278,3.3315037409,6.0350392232,2.4518272294,Iris-virginica
6.9267198793,3.3968071426,6.0575056426,2.4520056272,Iris-virginica
6.916633471,3.3979878075,6.0667871402,2.429398842,Iris-virginica
6.9636275554,3.3314573512,6.006684676,2.4046274808,Iris-virginica
6.9786558762,3.3804370171,6.042908763,2.446327106,Iris-virginica
6.8505008392,3.4510424833,5.8031346734,2.6949459592,Iris-virginica
6.8299842958,3.4246472321,5.8304463588,2.6636887385,Iris-virginica
6.8260744543,3.4359860684,5.8605714127,2.6354848749,Iris-virginica
6.8998600151,3.4227864494,5.8335455754,2.620802733,Iris-virginica
6.8221408367,3.4828158087,5.8241511235,2.654759455,Iris-virginica
6.8247917775,3.4938728497,5.8480235118,2.6114386739,Iris-virginica
6.8708182212,3.4274458553,5.8976315028,2.6953486526,Iris-virginica
6.8669585406,3.4427759314,5.8774924247,2.6735094619,Iris-virginica
6.8555564964,3.4460824681,5.8033945945,2.6298307006,Iris-virginica
6.8502106414,3.4148189064,5.8200179117,2.6107281958,Iris-virginica
6.8874235061,3.143032992,5.3623915033,2.4805546822,Iris-virginica
6.8278070634,3.1968733421,5.3572744845,2.4320439071,Iris-virginica
6.8783143172,3.1743862448,5.3980698215,2.455758001,Iris-virginica
6.8749922876,3.1306008119,5.3314926087,2.4239822847,Iris-virginica
6.8804350763,3.1107636698,5.3408849829,2.4935585992,Iris-virginica
6.8053517639,3.1873877046,5.3565546675,2.4227791154,Iris-virginica
6.8574998591,3.1044208507,5.3667947553,2.4537538646,Iris-virginica
6.8881606069,3.1511809825,5.3819018431,2.4789231713,Iris-virginica
6.8506265071,3.1533633247,5.3641322316,2.4820737859,Iris-virginica
6.806850729,3.1529662966,5.3261921588,2.4952000936,Iris-virginica
6.4973280337,2.6318906705,5.1121468664,2.0431810758,Iris-virginica
6.4033790813,2.6814294033,5.1750319659,2.0381693027,Iris-virginica
6.4536908175,2.6727669445,5.1290895243,2.0213790192,Iris-virginica
6.4259836484,2.666742278,5.1915154602,2.0177234032,Iris-virginica
6.4589654996,2.6062304667,5.1933991049,2.0198789276,Iris-virginica
6.4951665357,2.6511284161,5.1803172534,2.0292298867,Iris-virginica
6.4170280443,2.6228559272,5.1255624141,2.0323177575,Iris-virginica
6.4932674102,2.6643808049,5.1429127281,2.0709167047,Iris-virginica
6.4219218794,2.6245879974,5.1875890928,2.0267938802,Iris-virginica
6.4771164534,2.6255100363,5.1736507562,2.006307927,Iris-virginica
6.6488917698,3.1435426253,5.3721044056,2.167021007,Iris-virginica
6.6525682899,3.1090834741,5.3838276429,2.1669412569,Iris-virginica
6.6142435856,3.1721373572,5.34396537,2.1071599898,Iris-virginica
6.6559723361,3.1940894887,5.3648093711,2.1937036534,Iris-virginica
6.6252037289,3.1963728953,5.3380901947,2.1881398954,Iris-virginica
6.6327255652,3.1442011359,5.3880503765,2.1690380982,Iris-virginica
6.6739449906,3.109647422,5.3802334188,2.1040190517,Iris-virginica
6.6343699803,3.1868753226,5.3467083845,2.1620853214,Iris-virginica
6.6566834429,3.1136030105,5.3569460105,2.1513072429,Iris-virginica
6.6833282208,3.1668568924,5.3489727954,2.1311824636,Iris-virginica
6.3512194585,3.5696388144,5.5026270457,2.4867100902,Iris-virginica
6.3007846757,3.527159837,5.5891636237,2.4451298321,Iris-virginica
6.3943407055,3.5487350642,5.5528761886,2.4652998521,Iris-virginica
6.3120491589,3.5330435615,5.5536763897,2.4339146026,Iris-virginica
6.3652857374,3.5663744326,5.5402979855,2.463389665,Iris-virginica
6.3621345001,3.5140823326,5.5522887322,2.4944760787,Iris-virginica
6.3101650253,3.5500185864,5.5379067621,2.4414238236,Iris-virginica
6.3518168848,3.5676078566,5.559929823,2.4891280541,Iris-virginica
6.349974946,3.5326968502,5.5568326247,2.4679253929,Iris-virginica
6.3848792949,3.5971256422,5.5679570901,2.4651299072,Iris-virginica
6.0175001661,3.1125323165,5.2494931665,1.9443591602,Iris-virginica
6.0982011139,3.1151957039,5.2115477398,1.9895298377,Iris-virginica
6.0605033223,3.103286094,5.2927630106,1.9714065606,Iris-virginica
6.0118164971,3.1616805656,5.2618716515,1.985110755,Iris-virginica
6.087050209,3.1031929013,5.2585616077,1.9759046943,Iris-virginica
6.0772195621,3.1378537119,5.2640684387,1.9385507105,Iris-virginica
6.0217801741,3.1069117747,5.213785079,1.9048175079,Iris-virginica
6.0995212859,3.1763149914,5.2120606983,1.9474855316,Iris-virginica
6.0147777349,3.1331193008,5.2750292716,1.9491998586,Iris-virginica
6.0483108985,3.1555145125,5.2148911921,1.9791020469,Iris-virginica
